id,numeric_feature_1,numeric_feature_2,categorical_1,categorical_2,text_field,date_created,missing_data,target
1,1.9948689660036136,97.06360601531652,Cat_D,Type_Z,Short text,2020-01-01,0.5562233634717277,1
2,-1.545053414061384,87.84896707763693,Cat_B,Type_X,Short text,2020-01-02,0.13722259629363495,1
3,1.1165636273582102,54.47247125385387,Cat_B,Type_Y,Short text,2020-01-03,,1
4,1.373754869968789,88.04317843968238,Cat_B,Type_X,A very long text field containing lots of information that might be useful,2020-01-04,-0.3190441856281058,0
5,1.3512351956085833,43.71991806476083,Cat_D,Type_X,This is a medium length text with more words,2020-01-05,-0.6879913710066363,0
6,0.1645642664182894,43.454849477229494,Cat_A,Type_Z,A very long text field containing lots of information that might be useful,2020-01-06,0.42362745677782865,1
7,2.393340241045405,28.481209268103314,Cat_C,Type_Z,A very long text field containing lots of information that might be useful,2020-01-07,-0.2521464170135975,1
8,-0.9448110154774458,96.96502510865923,Cat_C,Type_Y,This is a medium length text with more words,2020-01-08,-0.13276999015403784,0
9,1.1488685537607137,27.05585266203937,Cat_A,Type_X,Short text,2020-01-09,1.004172459749623,1
10,0.3160086314056806,85.01923532271618,Cat_B,Type_X,This is a medium length text with more words,2020-01-10,0.4998242378980294,0
11,-1.4740919918353819,99.8285078614975,Cat_B,Type_Y,A very long text field containing lots of information that might be useful,2020-01-11,0.7169638153587732,1
12,0.872873689539205,47.81916082699319,Cat_A,Type_Z,Short text,2020-01-12,0.03771456161295855,0
13,-0.056060460988193055,24.08579483646904,Cat_B,Type_X,A very long text field containing lots of information that might be useful,2020-01-13,0.3905330768488229,0
14,0.18159450031639204,85.72460254377027,Cat_B,Type_Y,A very long text field containing lots of information that might be useful,2020-01-14,1.0952629898827266,1
15,-0.9932318600087903,59.94854772881123,Cat_B,Type_Z,A very long text field containing lots of information that might be useful,2020-01-15,,0
16,-0.655020639073194,73.01303282919486,Cat_A,Type_Z,This is a medium length text with more words,2020-01-16,,0
17,0.025202896695560594,90.22727847919543,Cat_B,Type_X,Short text,2020-01-17,1.332732179511417,0
18,0.28233654081190945,56.42890055928231,Cat_A,Type_Y,This is a medium length text with more words,2020-01-18,-1.104801299376381,1
19,1.776448969547936,8.412365145434386,Cat_D,Type_X,A very long text field containing lots of information that might be useful,2020-01-19,0.9534274931349479,1
20,0.6937308705146373,13.953229192734963,Cat_C,Type_Y,This is a medium length text with more words,2020-01-20,0.5515855311091677,1
21,-0.3668169258813805,53.496102252710784,Cat_A,Type_X,This is a medium length text with more words,2020-01-21,0.033094516132047856,0
22,0.7286348971503612,30.24853728326562,Cat_B,Type_X,Short text,2020-01-22,0.8294664336576086,1
23,0.6875435661465442,61.51816141177582,Cat_B,Type_X,Short text,2020-01-23,,1
24,0.274367489876224,3.108434424517459,Cat_B,Type_X,This is a medium length text with more words,2020-01-24,0.7263294834719604,1
25,0.6984343558494969,18.79615984577432,Cat_A,Type_Y,This is a medium length text with more words,2020-01-25,-0.5768957330019466,1
26,0.21825701333130051,34.62714431240236,Cat_A,Type_Y,This is a medium length text with more words,2020-01-26,0.17599880248464161,1
27,1.0936520826258658,54.07061221766972,Cat_C,Type_Z,A very long text field containing lots of information that might be useful,2020-01-27,0.6102606598617178,0
28,1.105215103999731,57.04869312510863,Cat_C,Type_Y,Short text,2020-01-28,0.8841124869749192,0
29,-1.0390190516035713,75.31565615887779,Cat_B,Type_Y,A very long text field containing lots of information that might be useful,2020-01-29,-0.4138737296818286,1
30,0.10776122587594368,33.31721036734403,Cat_B,Type_X,A very long text field containing lots of information that might be useful,2020-01-30,2.32007588661633,1
31,0.06929031109431288,18.09728925591604,Cat_D,Type_Y,Short text,2020-01-31,-1.2626865048156701,1
32,-0.9449922971963968,64.29870043753539,Cat_D,Type_Z,Short text,2020-02-01,-0.597919802084118,1
33,1.504795624194094,91.18286713250404,Cat_A,Type_X,Short text,2020-02-02,-2.0759420937795574,0
34,0.2944295621961172,85.95176960734362,Cat_A,Type_Z,This is a medium length text with more words,2020-02-03,,0
35,0.14556782758517403,67.9780529827219,Cat_D,Type_X,This is a medium length text with more words,2020-02-04,,0
36,-1.6528042864156083,38.225849214730786,Cat_D,Type_Y,Short text,2020-02-05,,1
37,-0.5611850416080114,59.83669162450684,Cat_B,Type_Z,This is a medium length text with more words,2020-02-06,0.5373946370951616,0
38,0.32435245868001594,65.57697663655605,Cat_D,Type_X,A very long text field containing lots of information that might be useful,2020-02-07,2.074198198821839,1
39,-0.27251286939569425,69.25628498108053,Cat_A,Type_X,Short text,2020-02-08,-1.2346621198708791,0
40,2.4090488844167406,21.585287522861407,Cat_A,Type_Y,A very long text field containing lots of information that might be useful,2020-02-09,-1.5191825400451258,1
41,-0.3441647148553381,79.64328032251046,Cat_C,Type_Y,Short text,2020-02-10,-1.4843500118719433,0
42,-0.8032079244641137,89.48642914586132,Cat_D,Type_Y,A very long text field containing lots of information that might be useful,2020-02-11,-2.2436105373023523,0
43,-0.1260242760200839,28.270751105356872,Cat_A,Type_Y,This is a medium length text with more words,2020-02-12,-0.8320825240963008,0
44,0.40153203867822324,15.19252391749969,Cat_D,Type_Z,This is a medium length text with more words,2020-02-13,2.60455601819391,1
45,-0.10906691262033338,33.845014163227205,Cat_A,Type_Z,A very long text field containing lots of information that might be useful,2020-02-14,0.7216847879204293,1
46,1.4837843360882939,1.7475676250018557,Cat_C,Type_Y,A very long text field containing lots of information that might be useful,2020-02-15,,1
47,-0.36062764879222525,88.95190852249097,Cat_B,Type_Y,A very long text field containing lots of information that might be useful,2020-02-16,-0.14335040864519932,0
48,0.2103939096734889,53.633115275095754,Cat_B,Type_Z,A very long text field containing lots of information that might be useful,2020-02-17,1.1600293533126567,1
49,1.0201271473544178,32.24437310800711,Cat_A,Type_Y,A very long text field containing lots of information that might be useful,2020-02-18,0.28566744155301327,0
50,-2.585159173317921,26.23322943218751,Cat_C,Type_X,A very long text field containing lots of information that might be useful,2020-02-19,,1
51,-0.06306999370479566,76.33322108707517,Cat_B,Type_Z,A very long text field containing lots of information that might be useful,2020-02-20,-0.6950291147623759,1
52,-0.5428577788308169,31.431004941267858,Cat_B,Type_Y,Short text,2020-02-21,-0.8150692399856332,1
53,1.1064214441408406,2.84916899456944,Cat_D,Type_X,Short text,2020-02-22,-1.650582646637102,0
54,-1.0496960528413422,49.41455680934593,Cat_B,Type_X,Short text,2020-02-23,0.6393884767335415,0
55,-1.1895592497944543,28.320333109779273,Cat_A,Type_Y,This is a medium length text with more words,2020-02-24,-0.6168765254691844,0
56,1.665071369916465,18.639651585119378,Cat_B,Type_Z,Short text,2020-02-25,0.29468071338350327,1
57,-1.301185575738264,24.516397876366135,Cat_B,Type_Z,This is a medium length text with more words,2020-02-26,-0.52941878314345,0
58,-0.0926284293104386,34.26645918208756,Cat_A,Type_Z,This is a medium length text with more words,2020-02-27,,1
59,-0.5300599515167227,63.37437219182358,Cat_C,Type_Y,A very long text field containing lots of information that might be useful,2020-02-28,0.36546926413591907,1
60,0.2311621091118898,8.107934229917714,Cat_C,Type_Y,Short text,2020-02-29,-1.1887276456787312,1
61,1.279171515741812,76.53720439006788,Cat_D,Type_Z,A very long text field containing lots of information that might be useful,2020-03-01,-0.28564505254003525,0
62,-1.2324443740503543,22.123822781399703,Cat_A,Type_X,This is a medium length text with more words,2020-03-02,1.103793779185118,0
63,-1.6727251571087445,44.18576810947281,Cat_D,Type_X,This is a medium length text with more words,2020-03-03,-0.29335466767098795,0
64,0.5014192478381112,21.00737841359892,Cat_D,Type_X,A very long text field containing lots of information that might be useful,2020-03-04,,1
65,1.216710275804757,91.47129862824862,Cat_D,Type_Z,Short text,2020-03-05,-1.154118624314731,0
66,-0.396718044523375,88.83759199193534,Cat_D,Type_Z,A very long text field containing lots of information that might be useful,2020-03-06,1.1599328756130307,1
67,1.9861856655779901,67.44040804938528,Cat_B,Type_Z,A very long text field containing lots of information that might be useful,2020-03-07,1.099018927995503,1
68,-0.1299095571142814,72.97601316182634,Cat_B,Type_Z,This is a medium length text with more words,2020-03-08,0.8255851159431449,1
69,0.40170464474264805,54.04758702687699,Cat_D,Type_X,This is a medium length text with more words,2020-03-09,-1.5361583604237654,1
70,-1.1575010811934563,70.85845814959629,Cat_A,Type_X,A very long text field containing lots of information that might be useful,2020-03-10,1.061583252255886,0
71,-1.6307011501159845,81.33472141778972,Cat_C,Type_Z,Short text,2020-03-11,0.19115502937148127,1
72,-0.5104703906574846,40.314480146962616,Cat_C,Type_Y,This is a medium length text with more words,2020-03-12,,1
73,1.989606310668604,10.27583145471942,Cat_B,Type_Z,This is a medium length text with more words,2020-03-13,,0
74,0.1545307832507883,4.2174398105146444,Cat_C,Type_Y,A very long text field containing lots of information that might be useful,2020-03-14,-1.4733464010559179,1
75,-0.4181656146954457,40.7999669240627,Cat_D,Type_Z,A very long text field containing lots of information that might be useful,2020-03-15,0.07300982448082745,1
76,1.2044772150514387,43.78930553989944,Cat_B,Type_X,This is a medium length text with more words,2020-03-16,1.3168665536811848,1
77,0.4394982484538388,91.27976411024878,Cat_A,Type_Z,A very long text field containing lots of information that might be useful,2020-03-17,-1.1549798490778984,0
78,-1.8012865454834108,53.44253160558651,Cat_A,Type_X,This is a medium length text with more words,2020-03-18,,0
79,0.45810427160777933,63.90554908520165,Cat_C,Type_Z,This is a medium length text with more words,2020-03-19,-1.1952587411928972,1
80,-1.3218286782599837,72.15894814708898,Cat_C,Type_X,This is a medium length text with more words,2020-03-20,0.5115742671586082,0
81,-0.18432930897757757,75.93404103112505,Cat_A,Type_Z,A very long text field containing lots of information that might be useful,2020-03-21,0.4979366622877412,1
82,1.1087552258031546,95.17655940424305,Cat_C,Type_X,A very long text field containing lots of information that might be useful,2020-03-22,0.3251827610795918,1
83,-1.375810063029913,66.53131430913999,Cat_B,Type_Y,Short text,2020-03-23,-0.30500174311877637,0
84,-1.7513272037867613,57.715660059643035,Cat_B,Type_Y,Short text,2020-03-24,1.763300213603255,1
85,-0.9476622952394405,10.110745671483844,Cat_C,Type_X,A very long text field containing lots of information that might be useful,2020-03-25,1.4265914755863045,1
86,-1.6931122201035425,1.5536551141758337,Cat_A,Type_Y,This is a medium length text with more words,2020-03-26,-0.8373873097078194,1
87,-0.09893814747330058,59.497571081830316,Cat_A,Type_X,A very long text field containing lots of information that might be useful,2020-03-27,0.101236783957464,1
88,-0.17518024214625225,93.67053704158745,Cat_A,Type_Y,This is a medium length text with more words,2020-03-28,-0.06895671481454202,0
89,-0.4523365187453093,72.1304665339415,Cat_A,Type_Y,A very long text field containing lots of information that might be useful,2020-03-29,,1
90,1.4644525631344258,32.07187195780982,Cat_C,Type_Z,A very long text field containing lots of information that might be useful,2020-03-30,1.3017000254379345,1
91,-1.3646990871457765,73.78138429347261,Cat_C,Type_Z,Short text,2020-03-31,,0
92,-0.5274793458558846,96.68614095684724,Cat_B,Type_X,This is a medium length text with more words,2020-04-01,1.0702507485192174,1
93,0.20251234781074162,27.330090313658452,Cat_B,Type_Y,Short text,2020-04-02,,1
94,0.4430572195601854,0.6355854667294936,Cat_C,Type_X,This is a medium length text with more words,2020-04-03,,0
95,2.1181182417067004,4.8095357951855044,Cat_C,Type_Y,Short text,2020-04-04,2.434756646686557,1
96,-1.4075024383985628,91.01278511950636,Cat_A,Type_X,Short text,2020-04-05,,0
97,-0.5815980763603935,6.424998725031128,Cat_A,Type_X,This is a medium length text with more words,2020-04-06,-0.5290553927944652,0
98,-0.33792353141786546,70.02537501905027,Cat_C,Type_X,This is a medium length text with more words,2020-04-07,1.2216118853474582,0
99,-0.49740686265241446,55.10038071354681,Cat_C,Type_Y,This is a medium length text with more words,2020-04-08,-1.9128525411195425,1
100,-1.7632936338668703,56.72785243241753,Cat_A,Type_X,Short text,2020-04-09,,1
101,0.32244781391969896,38.90298193636782,Cat_C,Type_X,This is a medium length text with more words,2020-04-10,0.28268110554796916,0
102,-0.9299222197018661,93.4168341749568,Cat_B,Type_Z,This is a medium length text with more words,2020-04-11,-0.6606265295341792,1
103,0.12737873243170683,76.15221600109618,Cat_A,Type_Y,Short text,2020-04-12,-0.2949475582481051,0
104,0.6920771921440712,36.83314441182951,Cat_B,Type_Y,Short text,2020-04-13,1.3802938650551908,1
105,1.4641611466361648,58.5147266108286,Cat_C,Type_Z,A very long text field containing lots of information that might be useful,2020-04-14,-0.1840792026604281,0
106,-0.09956827891701145,94.40990776074455,Cat_A,Type_X,This is a medium length text with more words,2020-04-15,-1.3710061701208196,1
107,0.44217979246775796,27.051278185624838,Cat_A,Type_Y,This is a medium length text with more words,2020-04-16,,1
108,-0.893139869978282,48.34078779712962,Cat_B,Type_Z,A very long text field containing lots of information that might be useful,2020-04-17,-0.2773366559589606,1
109,-1.0248243049020132,79.79631910051,Cat_A,Type_Y,This is a medium length text with more words,2020-04-18,0.7938835266922002,0
110,1.6570656350723174,7.892897183808412,Cat_B,Type_Z,A very long text field containing lots of information that might be useful,2020-04-19,-0.4810678939557424,1
111,0.4455420514664206,15.757955253438915,Cat_D,Type_Y,Short text,2020-04-20,0.3733261865501007,1
112,1.0837557635377844,85.90353662880696,Cat_A,Type_X,This is a medium length text with more words,2020-04-21,,0
113,-0.5534752715079614,39.05233593326122,Cat_C,Type_Y,This is a medium length text with more words,2020-04-22,-0.7492139911568311,0
114,0.9521946207222848,37.72736574796397,Cat_A,Type_X,This is a medium length text with more words,2020-04-23,1.2288176421863861,1
115,1.4946237009752728,36.8796240065062,Cat_D,Type_Y,Short text,2020-04-24,-1.5862509686361237,1
116,-0.1956455510477787,33.777880331186005,Cat_D,Type_Z,This is a medium length text with more words,2020-04-25,0.2806502433380788,0
117,0.2577390057037847,88.1851614690798,Cat_D,Type_Y,This is a medium length text with more words,2020-04-26,,1
118,0.44032030711108083,22.763433162988466,Cat_B,Type_X,A very long text field containing lots of information that might be useful,2020-04-27,0.8978538200751596,1
119,0.3130508438752569,95.35308828468669,Cat_D,Type_X,A very long text field containing lots of information that might be useful,2020-04-28,0.404873927465006,1
120,1.199109649875954,80.73702053582392,Cat_A,Type_X,Short text,2020-04-29,-2.387255806450032,1
121,1.203080283194609,61.879483332721804,Cat_A,Type_X,A very long text field containing lots of information that might be useful,2020-04-30,-1.1823127817462398,1
122,0.9863622300197006,32.16517200653885,Cat_A,Type_X,Short text,2020-05-01,-0.6256471272569216,1
123,-0.6280308069643783,55.653962216851326,Cat_D,Type_Y,Short text,2020-05-02,,0
124,0.1445070099358899,82.4946104862366,Cat_C,Type_Y,Short text,2020-05-03,,0
125,1.1935545829639707,39.28748368939288,Cat_B,Type_Y,A very long text field containing lots of information that might be useful,2020-05-04,0.5675814339647964,0
126,0.7302055769300384,59.974520320685045,Cat_D,Type_Y,Short text,2020-05-05,-0.4626390562478191,1
127,0.7040584247580723,3.0551625633192248,Cat_A,Type_X,Short text,2020-05-06,0.3208678969795785,1
128,-0.4944195466565648,28.92072014128274,Cat_D,Type_Z,Short text,2020-05-07,-0.1639376341753879,0
129,-1.051565513410952,49.12336995657848,Cat_B,Type_Z,Short text,2020-05-08,-0.3661387101913333,1
130,-0.32477415813127114,75.38622129322528,Cat_C,Type_X,Short text,2020-05-09,,1
131,-0.08880170400078045,46.48121688099556,Cat_D,Type_Z,Short text,2020-05-10,-0.6642828411545266,1
132,0.24229445840916403,26.058668184483523,Cat_C,Type_Y,A very long text field containing lots of information that might be useful,2020-05-11,-0.45133380859346744,1
133,-1.7394762983341268,2.6687596053681317,Cat_C,Type_Y,Short text,2020-05-12,1.01190153429332,1
134,1.065285360379911,66.8119659439729,Cat_C,Type_X,Short text,2020-05-13,,1
135,0.685084595245545,20.67820552348708,Cat_A,Type_X,A very long text field containing lots of information that might be useful,2020-05-14,-0.7709032500757508,0
136,-0.7360661967151899,70.95912690762562,Cat_D,Type_Y,A very long text field containing lots of information that might be useful,2020-05-15,0.6243122848429978,0
137,2.4787901404716632,89.81753006024046,Cat_D,Type_X,This is a medium length text with more words,2020-05-16,-0.13286387618312007,1
138,1.6548143094802286,43.5189812285446,Cat_D,Type_X,This is a medium length text with more words,2020-05-17,-0.03538811348012206,0
139,-0.6495113487231954,50.297848185999904,Cat_A,Type_Y,This is a medium length text with more words,2020-05-18,-0.02820312477052226,1
140,1.9561387461773365,92.2309348907265,Cat_C,Type_Z,A very long text field containing lots of information that might be useful,2020-05-19,-0.5055720793169255,0
141,0.2993955078440606,21.748842999828266,Cat_D,Type_Y,A very long text field containing lots of information that might be useful,2020-05-20,-0.38903776241041105,0
142,0.09854371515915133,11.11858078193666,Cat_C,Type_X,Short text,2020-05-21,-1.0946565832980377,0
143,-0.17391535961572901,6.240744621595928,Cat_C,Type_Z,This is a medium length text with more words,2020-05-22,,1
144,0.1590950255465125,88.82132853072358,Cat_B,Type_Z,A very long text field containing lots of information that might be useful,2020-05-23,0.07149359215944426,0
145,1.642940170847814,13.11347246287874,Cat_B,Type_Z,This is a medium length text with more words,2020-05-24,0.9485109696097941,1
146,0.8818959762613221,15.31386374713577,Cat_A,Type_X,Short text,2020-05-25,-0.36020309549601115,0
147,0.4628956459599346,56.13064245072215,Cat_C,Type_Z,This is a medium length text with more words,2020-05-26,-1.8629152442513972,0
148,-0.7521216001212386,12.489299610397097,Cat_B,Type_X,This is a medium length text with more words,2020-05-27,-2.2658217316560965,0
149,0.5926837263313345,55.33872988787735,Cat_A,Type_Y,This is a medium length text with more words,2020-05-28,1.6279514684630016,0
150,0.42375493309502393,21.816077861376993,Cat_C,Type_Z,Short text,2020-05-29,-0.29972711133094804,1
151,0.7697118577349973,73.82418115299039,Cat_B,Type_X,Short text,2020-05-30,,1
152,-1.0134231938016671,15.667631955395734,Cat_D,Type_X,A very long text field containing lots of information that might be useful,2020-05-31,0.10257153256776981,1
153,-0.824114752689618,33.9024896049008,Cat_D,Type_X,Short text,2020-06-01,0.8366176797032422,0
154,-0.8270405790514377,30.23838440077079,Cat_C,Type_Y,A very long text field containing lots of information that might be useful,2020-06-02,0.47410184814257517,1
155,-1.0661860990138852,95.16720238908837,Cat_A,Type_Y,Short text,2020-06-03,1.0500031560912064,1
156,-0.46388790966312654,62.5640761947693,Cat_B,Type_Y,Short text,2020-06-04,,0
157,0.7198095763023209,74.46825793957724,Cat_B,Type_Z,Short text,2020-06-05,,0
158,-0.2860698805247944,14.088739012070118,Cat_C,Type_Z,Short text,2020-06-06,-1.163371529361917,1
159,-0.7254748153060818,35.00322048510546,Cat_B,Type_X,A very long text field containing lots of information that might be useful,2020-06-07,-0.5132292729565698,0
160,0.3848921034282828,77.18579743732676,Cat_C,Type_Y,Short text,2020-06-08,-0.8047287900527135,0
161,0.9239687264593676,28.02822253319295,Cat_D,Type_X,A very long text field containing lots of information that might be useful,2020-06-09,2.3566614967528148,0
162,-1.1956516239261508,23.86455423974587,Cat_B,Type_Z,Short text,2020-06-10,0.4493644134559425,0
163,0.7764622624036744,40.113202723546785,Cat_C,Type_Z,Short text,2020-06-11,-0.9440797314643254,1
164,0.10972465412710289,40.624582434798086,Cat_D,Type_Y,A very long text field containing lots of information that might be useful,2020-06-12,,1
165,0.0018273638291909262,8.87202443787174,Cat_D,Type_Y,This is a medium length text with more words,2020-06-13,,0
166,-0.5971390453243128,81.34420517461514,Cat_C,Type_X,A very long text field containing lots of information that might be useful,2020-06-14,,0
167,-1.351564668120398,88.7287946552164,Cat_A,Type_Z,A very long text field containing lots of information that might be useful,2020-06-15,1.385180962382645,0
168,1.2018111593779122,86.56828291982023,Cat_A,Type_X,Short text,2020-06-16,-0.7300728842715253,0
169,0.17552418169179762,49.55860824374726,Cat_D,Type_Z,This is a medium length text with more words,2020-06-17,-1.4895511175783624,0
170,0.01561855066052912,97.49661667983264,Cat_A,Type_Z,Short text,2020-06-18,-0.07425378058823306,1
171,-0.8404721914495002,36.114318099447885,Cat_A,Type_X,This is a medium length text with more words,2020-06-19,,0
172,-0.44193692277240937,75.97797398818804,Cat_B,Type_Z,This is a medium length text with more words,2020-06-20,0.6309873915387939,0
173,0.9534635524123145,74.23683469818319,Cat_A,Type_Y,Short text,2020-06-21,0.09322603412318213,1
174,0.03445089665565327,5.158576650645719,Cat_B,Type_Z,This is a medium length text with more words,2020-06-22,1.476672610197416,1
175,0.28797113360403875,96.19379470736651,Cat_D,Type_Y,This is a medium length text with more words,2020-06-23,,1
176,0.42404866918968154,81.63300589461593,Cat_B,Type_Y,Short text,2020-06-24,0.9349418596101159,1
177,0.1886714481127989,7.501278859651395,Cat_B,Type_Z,Short text,2020-06-25,0.2171504888589614,1
178,1.747463269235965,79.76177037484537,Cat_B,Type_Z,Short text,2020-06-26,,0
179,-0.5256112081342549,37.7770427147675,Cat_C,Type_Z,This is a medium length text with more words,2020-06-27,-1.1212694143715047,0
180,-1.1625760668061023,95.7788984369589,Cat_C,Type_Z,A very long text field containing lots of information that might be useful,2020-06-28,0.6465511517666147,1
181,0.9483765058161107,20.625003387261177,Cat_D,Type_X,A very long text field containing lots of information that might be useful,2020-06-29,0.34296201992157604,1
182,-0.13596213154842837,91.66776178138856,Cat_C,Type_X,A very long text field containing lots of information that might be useful,2020-06-30,-0.6296664338134231,1
183,1.5799637437797034,31.385936222913912,Cat_A,Type_X,This is a medium length text with more words,2020-07-01,-0.37425831726519065,0
184,-0.5234080293033109,80.4392858385738,Cat_B,Type_X,A very long text field containing lots of information that might be useful,2020-07-02,0.23599103330675805,1
185,0.5149750403577321,56.44759926465649,Cat_C,Type_X,Short text,2020-07-03,0.37885286807661683,1
186,0.3592185272108089,92.95939457366777,Cat_D,Type_Y,This is a medium length text with more words,2020-07-04,0.16948056110013493,1
187,0.4220434935635276,48.32925830228765,Cat_D,Type_Y,Short text,2020-07-05,1.2233170422391857,1
188,-1.3926965205087798,0.026822163142536937,Cat_C,Type_Y,This is a medium length text with more words,2020-07-06,-1.2626560608627477,1
189,0.10460224034348661,5.709567202140031,Cat_C,Type_X,A very long text field containing lots of information that might be useful,2020-07-07,,0
190,-0.6090133912514255,6.820486929886949,Cat_A,Type_X,A very long text field containing lots of information that might be useful,2020-07-08,-0.22424590848219217,0
191,1.1428651887530692,49.261920420965986,Cat_B,Type_Y,This is a medium length text with more words,2020-07-09,,1
192,0.7536367064500936,26.32810083808723,Cat_A,Type_X,This is a medium length text with more words,2020-07-10,0.515216492855698,1
193,-0.13687792335436733,43.653390632532265,Cat_B,Type_Z,This is a medium length text with more words,2020-07-11,0.09680991298392612,1
194,-2.526967413251161,64.69814306125147,Cat_C,Type_X,Short text,2020-07-12,1.8402833439126516,1
195,-1.4636431944670072,69.77886253638637,Cat_C,Type_Z,This is a medium length text with more words,2020-07-13,,0
196,0.18183626570066766,57.589037610946505,Cat_C,Type_Y,This is a medium length text with more words,2020-07-14,-1.053652076870719,0
197,-1.7703004181616286,52.95880593244521,Cat_A,Type_Y,A very long text field containing lots of information that might be useful,2020-07-15,-0.5984779248637765,1
198,0.36128439387681144,39.86954292853735,Cat_D,Type_Y,A very long text field containing lots of information that might be useful,2020-07-16,,1
199,-1.2974144217860053,12.347941324202672,Cat_D,Type_X,This is a medium length text with more words,2020-07-17,-0.9319792986762867,1
200,0.9637069743968942,89.47283424790857,Cat_B,Type_Z,A very long text field containing lots of information that might be useful,2020-07-18,,0
201,1.4124593645269923,19.023422644712184,Cat_B,Type_Z,This is a medium length text with more words,2020-07-19,-0.21315245635626281,0
202,1.535272711713099,44.796579451028194,Cat_D,Type_X,A very long text field containing lots of information that might be useful,2020-07-20,0.6121783747546216,0
203,0.012295438493663522,45.414884713629334,Cat_A,Type_Y,This is a medium length text with more words,2020-07-21,0.6958877363242227,0
204,-0.1403793778103132,22.00463378385016,Cat_C,Type_X,Short text,2020-07-22,,1
205,-2.149049795749161,55.04416905768967,Cat_C,Type_X,A very long text field containing lots of information that might be useful,2020-07-23,0.6858917295810133,1
206,-1.834471837267061,32.45260381934448,Cat_B,Type_Y,Short text,2020-07-24,1.2253242456669233,1
207,1.0816997255225669,99.76803862992834,Cat_B,Type_Y,This is a medium length text with more words,2020-07-25,2.4612720936289323,0
208,0.6482127108131512,36.40539730251987,Cat_D,Type_Y,Short text,2020-07-26,2.8639433436914086,1
209,0.4871581154457855,46.0229701193657,Cat_D,Type_Z,Short text,2020-07-27,-1.0292912003462722,0
210,0.4303258939947702,91.88973687233786,Cat_B,Type_Z,Short text,2020-07-28,-0.6948793096074966,1
211,0.7998545194162917,24.951676286704995,Cat_B,Type_Y,A very long text field containing lots of information that might be useful,2020-07-29,-1.005403782672698,1
212,0.7987400907265385,13.85699568513541,Cat_C,Type_Y,A very long text field containing lots of information that might be useful,2020-07-30,0.42822962196878783,1
213,0.4346291743891629,14.83808515122097,Cat_A,Type_X,This is a medium length text with more words,2020-07-31,0.1458134808794991,1
214,1.6386980885597358,53.93333855629887,Cat_C,Type_X,A very long text field containing lots of information that might be useful,2020-08-01,-1.5464970641246232,0
215,0.7977345900749413,76.43560752988479,Cat_B,Type_X,A very long text field containing lots of information that might be useful,2020-08-02,1.2672504575817138,0
216,0.8924788689392484,23.66738470709553,Cat_B,Type_X,Short text,2020-08-03,-0.351539259231327,0
217,-0.2512422610877464,81.89616102292824,Cat_C,Type_Z,A very long text field containing lots of information that might be useful,2020-08-04,0.369784903941342,0
218,1.3708822190090806,27.220803008180273,Cat_B,Type_X,A very long text field containing lots of information that might be useful,2020-08-05,-1.0798288142162613,0
219,1.6258739536662623,15.86933920260437,Cat_D,Type_Y,This is a medium length text with more words,2020-08-06,1.8014500087649505,1
220,0.7361013905449646,29.425051928056302,Cat_A,Type_Z,Short text,2020-08-07,,1
221,-1.1457843985007967,26.192532596578843,Cat_D,Type_X,Short text,2020-08-08,0.437228004604283,1
222,-0.11807876808866585,9.504098373744519,Cat_C,Type_X,Short text,2020-08-09,-0.5226393317009149,0
223,0.6005951821397099,40.582825379049446,Cat_D,Type_Y,Short text,2020-08-10,1.9230888572664289,1
224,-0.9664549959709537,10.88476112400606,Cat_D,Type_Z,This is a medium length text with more words,2020-08-11,1.3225751320505588,0
225,0.7290624881267959,2.1272053864417995,Cat_B,Type_X,This is a medium length text with more words,2020-08-12,0.9127766658947724,1
226,0.4224347204619267,55.64207045873082,Cat_B,Type_Z,This is a medium length text with more words,2020-08-13,,1
227,-0.7852926030363944,2.0601781663799668,Cat_D,Type_Y,This is a medium length text with more words,2020-08-14,-0.02835963307218689,1
228,0.2608118193054755,99.62437302954001,Cat_C,Type_Z,This is a medium length text with more words,2020-08-15,,1
229,0.1991829487767735,15.60364187590445,Cat_C,Type_Y,This is a medium length text with more words,2020-08-16,0.7948805060637849,0
230,-1.7101042659399177,95.3790050624638,Cat_C,Type_Z,A very long text field containing lots of information that might be useful,2020-08-17,1.5026567116370575,1
231,-0.31008226098534475,67.13379442436164,Cat_C,Type_X,This is a medium length text with more words,2020-08-18,-0.7921382617288506,1
232,-1.637278539837001,96.16737879804602,Cat_B,Type_Y,A very long text field containing lots of information that might be useful,2020-08-19,-0.33871548776093624,1
233,-1.9663189416652394,1.5429313944539835,Cat_A,Type_X,This is a medium length text with more words,2020-08-20,-0.33341420004968364,0
234,1.5301718010050545,77.82221320596646,Cat_B,Type_X,A very long text field containing lots of information that might be useful,2020-08-21,0.8120074389111122,1
235,0.521357689479949,5.023593811812422,Cat_A,Type_Z,This is a medium length text with more words,2020-08-22,-0.787989335677014,1
236,1.3992997010601143,34.32491664330144,Cat_D,Type_Y,Short text,2020-08-23,-1.8051023118841525,1
237,-0.4277188512206788,97.36428725472152,Cat_C,Type_Z,Short text,2020-08-24,0.3078690691307011,1
238,1.2368515318137043,12.306517814496075,Cat_D,Type_Z,A very long text field containing lots of information that might be useful,2020-08-25,,0
239,-0.6012326293575434,87.13294757687589,Cat_A,Type_X,This is a medium length text with more words,2020-08-26,0.3914383440636937,0
240,-1.5040269701869498,58.61533812114642,Cat_D,Type_Y,A very long text field containing lots of information that might be useful,2020-08-27,0.5852515895071383,0
241,1.9535277475176471,0.34237290378836827,Cat_C,Type_Y,This is a medium length text with more words,2020-08-28,-1.8329018269527177,0
242,-0.013670568106490803,80.00829539867323,Cat_B,Type_Y,A very long text field containing lots of information that might be useful,2020-08-29,0.34614688170921787,1
243,-1.4929273602470088,19.3947400974678,Cat_D,Type_Y,A very long text field containing lots of information that might be useful,2020-08-30,0.7283677839426405,1
244,0.3920798056993593,17.118672174033,Cat_A,Type_Z,A very long text field containing lots of information that might be useful,2020-08-31,0.048725601516250924,0
245,-0.9853328711505716,43.60680881483256,Cat_D,Type_Z,This is a medium length text with more words,2020-09-01,-1.2525957070404383,0
246,-0.22387699165343075,29.305682712306314,Cat_D,Type_Y,This is a medium length text with more words,2020-09-02,1.2020647461531446,0
247,0.5977065353589174,76.65676577633504,Cat_D,Type_Y,A very long text field containing lots of information that might be useful,2020-09-03,-0.0926486804496369,1
248,-1.0798782270179896,82.20615648089223,Cat_C,Type_Z,Short text,2020-09-04,-0.20926636824188158,1
249,0.3726617834189714,14.19523276249931,Cat_B,Type_Z,Short text,2020-09-05,-0.8490125008491465,0
250,1.7038447558083978,79.70078732731349,Cat_B,Type_Z,This is a medium length text with more words,2020-09-06,0.36438329741401027,1
251,0.18868871685083624,87.91419122230269,Cat_C,Type_Y,This is a medium length text with more words,2020-09-07,,0
252,0.21359534368480093,43.14722109210369,Cat_C,Type_Z,This is a medium length text with more words,2020-09-08,-1.1820056117374056,0
253,2.046253605767457,94.11340868033487,Cat_B,Type_Z,This is a medium length text with more words,2020-09-09,,1
254,0.8671506745943367,61.68497775297686,Cat_C,Type_Z,This is a medium length text with more words,2020-09-10,,1
255,0.6057593017265984,63.63741362377012,Cat_C,Type_Y,A very long text field containing lots of information that might be useful,2020-09-11,,1
256,1.4671742970542112,30.075518818911462,Cat_C,Type_Y,A very long text field containing lots of information that might be useful,2020-09-12,-0.09179867680859011,0
257,0.3578652236198251,65.58626159919389,Cat_A,Type_Z,A very long text field containing lots of information that might be useful,2020-09-13,0.27376776301733524,1
258,-1.3438166278017962,34.5931599451516,Cat_B,Type_Z,Short text,2020-09-14,-0.1486200803659035,0
259,0.45904305832668263,96.6216527727163,Cat_A,Type_Z,A very long text field containing lots of information that might be useful,2020-09-15,-0.2655609875352074,0
260,-0.5592531828507314,92.33250361751747,Cat_D,Type_Y,Short text,2020-09-16,0.1715910252582104,1
261,0.3975908206112033,57.57075590610198,Cat_B,Type_Z,This is a medium length text with more words,2020-09-17,-0.8420661190362675,1
262,0.9184178385784808,27.559290353989386,Cat_B,Type_Y,Short text,2020-09-18,-0.21184665364409444,1
263,0.3814854972753484,75.05525198606723,Cat_D,Type_Y,Short text,2020-09-19,,0
264,0.8309388792429433,95.75821851984536,Cat_B,Type_Y,This is a medium length text with more words,2020-09-20,0.5384590081930953,0
265,0.4773300249544522,19.261736910832205,Cat_D,Type_Z,Short text,2020-09-21,-1.066600959015519,0
266,-0.11525072080185647,29.53166730237655,Cat_A,Type_Y,This is a medium length text with more words,2020-09-22,-0.24008250892309216,0
267,0.9963469089546835,45.8087005266955,Cat_D,Type_Y,This is a medium length text with more words,2020-09-23,-0.10726504200021521,1
268,0.9363351896143643,48.50890482829266,Cat_D,Type_Z,Short text,2020-09-24,0.665381933071866,0
269,0.3142754644907766,96.90861196577313,Cat_A,Type_X,Short text,2020-09-25,-1.2321225097746173,0
270,-2.1644898387439104,94.3710995231855,Cat_B,Type_Z,Short text,2020-09-26,-0.17822197653829838,0
271,-0.422828331250387,84.2170055850095,Cat_A,Type_X,This is a medium length text with more words,2020-09-27,-0.9421580169054916,0
272,-1.5964892202228893,10.495479507923344,Cat_C,Type_Z,This is a medium length text with more words,2020-09-28,,0
273,2.15199865016854,84.24137991023605,Cat_D,Type_X,Short text,2020-09-29,-0.968452954631152,0
274,1.0803967491478836,78.22416954052017,Cat_A,Type_X,Short text,2020-09-30,,1
275,-0.9014486935134347,17.378356558412868,Cat_D,Type_Z,This is a medium length text with more words,2020-10-01,0.2463242494649732,1
276,1.3851401037415234,64.90287515649224,Cat_C,Type_Y,Short text,2020-10-02,0.2604892717724047,1
277,-2.172072759254704,7.528443354718572,Cat_C,Type_Y,This is a medium length text with more words,2020-10-03,,0
278,0.33825662215087976,52.79640444776382,Cat_D,Type_Z,A very long text field containing lots of information that might be useful,2020-10-04,,0
279,1.19640432049651,16.35880938742088,Cat_A,Type_X,This is a medium length text with more words,2020-10-05,0.10058621100990152,0
280,-1.9342370781692115,55.74171913670868,Cat_D,Type_X,This is a medium length text with more words,2020-10-06,0.30546283358560394,0
281,-0.04700155063829,83.1813289977385,Cat_D,Type_X,This is a medium length text with more words,2020-10-07,,1
282,-2.1568381263800642,3.0499258006472685,Cat_B,Type_Y,Short text,2020-10-08,1.1616003470666212,1
283,-0.3483929498072817,63.32927473699258,Cat_C,Type_Y,This is a medium length text with more words,2020-10-09,0.1433457783115933,0
284,0.6378155809713453,57.7637892122593,Cat_D,Type_Z,This is a medium length text with more words,2020-10-10,1.15562637946566,0
285,-2.000627007564584,28.790670380884343,Cat_D,Type_Y,A very long text field containing lots of information that might be useful,2020-10-11,-1.4246391868996793,1
286,-0.08829794548284234,52.541817531182176,Cat_B,Type_Y,Short text,2020-10-12,,1
287,0.2263553673370081,44.84459415734119,Cat_B,Type_Z,This is a medium length text with more words,2020-10-13,-0.5050572114001298,1
288,0.840351422669466,36.95497525687143,Cat_C,Type_Y,Short text,2020-10-14,0.7138159476607573,1
289,-0.9998628798074107,90.70785745817382,Cat_A,Type_Y,A very long text field containing lots of information that might be useful,2020-10-15,0.8145538266058876,0
290,-0.34484728112766755,84.58975991768722,Cat_A,Type_X,Short text,2020-10-16,,1
291,0.44453023521975876,43.37486016061358,Cat_B,Type_Z,A very long text field containing lots of information that might be useful,2020-10-17,1.1605152528836669,0
292,2.824983154120269,81.88560436825894,Cat_A,Type_Z,This is a medium length text with more words,2020-10-18,1.7490626570780292,1
293,1.2490980851279414,65.89360280798478,Cat_D,Type_X,Short text,2020-10-19,-1.9951164072734306,0
294,0.027770322475997446,63.100889076078644,Cat_D,Type_X,Short text,2020-10-20,1.0185586321970144,0
295,0.8516465302609691,84.54010244661855,Cat_B,Type_Z,This is a medium length text with more words,2020-10-21,,1
296,0.3773417063255953,32.410617118211235,Cat_A,Type_X,A very long text field containing lots of information that might be useful,2020-10-22,,0
297,0.5205463973212009,48.393899045061275,Cat_A,Type_Y,Short text,2020-10-23,-0.36379640008365405,0
298,-0.8570190731360111,19.377029067292707,Cat_D,Type_Y,This is a medium length text with more words,2020-10-24,-0.6187143828595554,1
299,1.3195129402350938,51.55604137702382,Cat_D,Type_Z,Short text,2020-10-25,,1
300,1.3864083611996747,42.24967075183592,Cat_A,Type_X,A very long text field containing lots of information that might be useful,2020-10-26,0.2998919225744513,1
301,0.8237984886741931,91.10769689374824,Cat_D,Type_Y,A very long text field containing lots of information that might be useful,2020-10-27,-0.5195794402248356,1
302,-0.6411557169929056,21.895733564756835,Cat_B,Type_X,A very long text field containing lots of information that might be useful,2020-10-28,,0
303,-0.7239209422943661,65.80329396612825,Cat_B,Type_Y,A very long text field containing lots of information that might be useful,2020-10-29,0.5864480458029632,0
304,-0.654951884839489,54.50991445196356,Cat_B,Type_X,Short text,2020-10-30,0.912238173147383,1
305,-0.8995785891164785,99.43257842476456,Cat_D,Type_Z,A very long text field containing lots of information that might be useful,2020-10-31,-0.21250455416338235,0
306,-0.8079723578052355,10.903861476023602,Cat_D,Type_Z,A very long text field containing lots of information that might be useful,2020-11-01,-0.19527268556429137,1
307,-1.0871376561956705,85.85174975718385,Cat_A,Type_Z,Short text,2020-11-02,0.5198420423707153,1
308,0.18708708265889396,16.269082856492677,Cat_C,Type_Y,Short text,2020-11-03,0.8439715553543817,1
309,0.021321320373242057,38.48799420948755,Cat_D,Type_X,Short text,2020-11-04,,0
310,-0.9830230779675693,99.61075255809958,Cat_C,Type_Y,A very long text field containing lots of information that might be useful,2020-11-05,-1.1879234154102063,0
311,-0.3621560851883142,97.16502712764688,Cat_A,Type_Z,Short text,2020-11-06,-0.1996882163808717,1
312,-0.615764755783888,61.91200604587832,Cat_C,Type_X,Short text,2020-11-07,0.7575753045583943,1
313,-1.9893132087379652,73.23074761937228,Cat_C,Type_Y,This is a medium length text with more words,2020-11-08,-1.4646933652681733,1
314,0.23937635163727933,29.47681158398552,Cat_B,Type_Y,A very long text field containing lots of information that might be useful,2020-11-09,-0.4781507756460561,0
315,-1.2121606966438885,58.42830424212262,Cat_B,Type_Y,This is a medium length text with more words,2020-11-10,-1.2602929573266546,0
316,0.6099037339414832,10.843520517859695,Cat_A,Type_Y,Short text,2020-11-11,1.158033201167353,0
317,1.3588310597384297,66.89451595224773,Cat_C,Type_X,Short text,2020-11-12,,1
318,-0.3795804654459244,89.79961377909045,Cat_C,Type_Y,This is a medium length text with more words,2020-11-13,-0.13428868157044188,1
319,-3.0152566211465444,69.45395547040899,Cat_C,Type_X,A very long text field containing lots of information that might be useful,2020-11-14,0.8725582294607535,1
320,1.6611104925500744,14.860246586350655,Cat_C,Type_X,This is a medium length text with more words,2020-11-15,0.24650851046710165,1
321,1.301994476787418,37.10749623872244,Cat_A,Type_Z,Short text,2020-11-16,0.33495650087742584,0
322,-0.8168534874403043,9.40449222127696,Cat_B,Type_Z,Short text,2020-11-17,1.4929199052719693,0
323,-0.7134432805154817,30.12029083103187,Cat_D,Type_Y,Short text,2020-11-18,,0
324,-1.0116358476757594,22.29957495483166,Cat_D,Type_Y,A very long text field containing lots of information that might be useful,2020-11-19,0.7642344413272327,0
325,0.6322942339420937,46.283397708190066,Cat_D,Type_X,This is a medium length text with more words,2020-11-20,-0.5351016775643948,0
326,-0.0719512761912554,5.675569329164798,Cat_D,Type_Z,This is a medium length text with more words,2020-11-21,,1
327,1.2813284957357032,52.66738817589596,Cat_C,Type_X,This is a medium length text with more words,2020-11-22,0.6672994731161522,1
328,1.9440571222968506,41.64985165684458,Cat_B,Type_Y,Short text,2020-11-23,,0
329,-0.6415686563477211,46.66662760138025,Cat_D,Type_X,This is a medium length text with more words,2020-11-24,0.5251667949787624,0
330,0.7373968355596455,57.37128934867357,Cat_B,Type_Z,This is a medium length text with more words,2020-11-25,-1.0083310247423578,1
331,0.822006248593759,0.7882466338402283,Cat_B,Type_Y,Short text,2020-11-26,,0
332,-0.024372995927685263,71.52884540088913,Cat_A,Type_X,A very long text field containing lots of information that might be useful,2020-11-27,-0.08609778833825145,0
333,-1.0281941521897529,93.62096035477305,Cat_C,Type_Y,A very long text field containing lots of information that might be useful,2020-11-28,-1.1775673935315243,0
334,-0.5387997430091274,19.281141390021205,Cat_D,Type_Y,This is a medium length text with more words,2020-11-29,0.9298402308389581,0
335,-1.996417973700779,80.91071014707319,Cat_B,Type_Z,This is a medium length text with more words,2020-11-30,0.5744754927648521,1
336,-0.8390341486132599,19.389771204820295,Cat_A,Type_Y,A very long text field containing lots of information that might be useful,2020-12-01,-1.2876495333585916,0
337,0.32902278132090096,57.36944313086708,Cat_C,Type_X,A very long text field containing lots of information that might be useful,2020-12-02,0.05233884524189162,1
338,0.645430997435409,51.17245850227232,Cat_A,Type_Z,This is a medium length text with more words,2020-12-03,-0.5045648274906052,1
339,-1.8141426537331538,66.23481942972509,Cat_B,Type_X,This is a medium length text with more words,2020-12-04,0.9760170730192497,0
340,0.3862754940706235,88.48879829848288,Cat_A,Type_X,A very long text field containing lots of information that might be useful,2020-12-05,,0
341,-2.3393082937516145,55.145357688945005,Cat_C,Type_X,Short text,2020-12-06,,1
342,0.5351141030326332,9.052373442422311,Cat_D,Type_Y,Short text,2020-12-07,0.8050586736828659,0
343,1.1442637679227563,49.0286688151645,Cat_C,Type_Z,A very long text field containing lots of information that might be useful,2020-12-08,,1
344,0.627982844385034,15.00678461874334,Cat_C,Type_Y,This is a medium length text with more words,2020-12-09,,1
345,0.019059101760783282,66.55108805771633,Cat_A,Type_X,Short text,2020-12-10,-3.189656120412681,0
346,0.48250323465630324,69.72866837236876,Cat_B,Type_Z,A very long text field containing lots of information that might be useful,2020-12-11,0.54602570220035,0
347,0.5022362377547274,69.3379709139294,Cat_A,Type_X,This is a medium length text with more words,2020-12-12,-0.40325291794367146,1
348,-0.6674282774506742,94.59803653046124,Cat_C,Type_Z,A very long text field containing lots of information that might be useful,2020-12-13,-0.9996319779209485,0
349,-2.8185765748208707,46.56808355624289,Cat_D,Type_Z,Short text,2020-12-14,0.4819067291626859,1
350,-0.5814935281803332,20.360358593148664,Cat_C,Type_Y,A very long text field containing lots of information that might be useful,2020-12-15,-1.1195253283440079,1
351,0.5191730016472245,3.8586453128752196,Cat_C,Type_Y,Short text,2020-12-16,,0
352,0.6674471973951145,41.7766797131517,Cat_B,Type_X,A very long text field containing lots of information that might be useful,2020-12-17,1.3286165922776734,1
353,1.106888248083828,65.05775905694912,Cat_D,Type_Y,This is a medium length text with more words,2020-12-18,1.2618060834233045,1
354,-0.2266755705085433,92.76460441205397,Cat_D,Type_Y,A very long text field containing lots of information that might be useful,2020-12-19,-0.20440898869699375,1
355,-0.05976253238139462,80.05991758780151,Cat_C,Type_X,Short text,2020-12-20,-1.9479950761241602,1
356,-0.7304653396960383,58.33283494695397,Cat_B,Type_Z,Short text,2020-12-21,-1.2664185337929872,1
357,0.08571440693597096,46.12683977232606,Cat_D,Type_Z,This is a medium length text with more words,2020-12-22,2.0773847086578057,0
358,0.48967826702700734,53.09206735984547,Cat_D,Type_X,This is a medium length text with more words,2020-12-23,,1
359,0.09474641000607503,18.044471333188937,Cat_D,Type_Y,A very long text field containing lots of information that might be useful,2020-12-24,0.21681307788844362,0
360,0.7633678626467341,40.52659622873496,Cat_A,Type_X,A very long text field containing lots of information that might be useful,2020-12-25,-0.44869127255837676,1
361,-1.0178111184176102,93.78962212181375,Cat_B,Type_Z,Short text,2020-12-26,-0.39905627507738006,1
362,0.983466127436396,80.81592554995571,Cat_B,Type_X,A very long text field containing lots of information that might be useful,2020-12-27,0.5055351119347996,0
363,2.737908144971053,13.557552727428046,Cat_A,Type_Z,Short text,2020-12-28,,0
364,-1.3856758579310977,65.13807802695999,Cat_C,Type_X,A very long text field containing lots of information that might be useful,2020-12-29,0.9051447096046453,0
365,-0.43869368263475755,29.25226470388558,Cat_D,Type_X,This is a medium length text with more words,2020-12-30,-0.41243777766944417,1
366,-0.7078601657427005,91.61340016488867,Cat_A,Type_X,This is a medium length text with more words,2020-12-31,,0
367,-0.26464869383974715,88.26884342373071,Cat_D,Type_X,A very long text field containing lots of information that might be useful,2021-01-01,-1.5613350748613295,1
368,0.324820083612634,22.63582797286522,Cat_A,Type_Z,A very long text field containing lots of information that might be useful,2021-01-02,1.8898774347194023,0
369,-0.06456798637357913,32.50054937102702,Cat_D,Type_Y,This is a medium length text with more words,2021-01-03,-0.3973642179717024,0
370,0.08622044585476356,51.13952978877706,Cat_B,Type_X,This is a medium length text with more words,2021-01-04,0.2262106744008584,1
371,-0.24599543841930036,16.78398263796752,Cat_C,Type_Z,A very long text field containing lots of information that might be useful,2021-01-05,,0
372,0.08543881035920715,40.39906111897499,Cat_B,Type_Z,A very long text field containing lots of information that might be useful,2021-01-06,,0
373,1.72338805923492,81.37734737013037,Cat_A,Type_Y,A very long text field containing lots of information that might be useful,2021-01-07,1.582358932259118,1
374,-0.7682894770550714,10.858209503158879,Cat_D,Type_Z,Short text,2021-01-08,-0.4265770859390503,0
375,0.3738065002439904,4.949510400854407,Cat_B,Type_X,Short text,2021-01-09,,0
376,-0.019822375444202515,75.44248379533515,Cat_C,Type_Z,This is a medium length text with more words,2021-01-10,-0.8845485561066974,0
377,-1.0968212448307564,91.14444379340034,Cat_A,Type_Y,This is a medium length text with more words,2021-01-11,-0.12801157854589756,1
378,-0.3992772266888399,36.139492205494065,Cat_C,Type_Z,A very long text field containing lots of information that might be useful,2021-01-12,-0.20980113889928645,1
379,1.271638378379803,76.5162209432052,Cat_A,Type_X,This is a medium length text with more words,2021-01-13,-0.8817493665801178,1
380,0.25729308182322996,1.1686682788039082,Cat_D,Type_Y,Short text,2021-01-14,-0.05707441771782242,0
381,-0.9907973289389429,34.366554075999325,Cat_A,Type_X,Short text,2021-01-15,-1.0613992597246578,1
382,0.6830230613328564,92.64841329499356,Cat_D,Type_X,A very long text field containing lots of information that might be useful,2021-01-16,,0
383,0.1999149814861738,67.68724336496851,Cat_B,Type_Z,This is a medium length text with more words,2021-01-17,-1.0882063205641954,1
384,2.7414517201301805,12.716279172397316,Cat_B,Type_Y,Short text,2021-01-18,1.8472868783206475,0
385,-0.9657296120935697,7.079001964606535,Cat_B,Type_Y,This is a medium length text with more words,2021-01-19,0.17547423564670778,0
386,0.19705712597123626,20.821562643729752,Cat_C,Type_Z,A very long text field containing lots of information that might be useful,2021-01-20,1.3471647688202983,0
387,-1.12522355322622,81.02799070814046,Cat_C,Type_X,This is a medium length text with more words,2021-01-21,0.5545434549889644,0
388,-0.7703755613949419,21.418071550273986,Cat_A,Type_Z,Short text,2021-01-22,0.3306606887209173,0
389,-1.5424842243197712,50.761446084296914,Cat_D,Type_Y,A very long text field containing lots of information that might be useful,2021-01-23,0.03334853232025378,0
390,-0.5200093410281527,37.31209830132561,Cat_A,Type_Z,A very long text field containing lots of information that might be useful,2021-01-24,1.7202919429837291,1
391,1.0165311063354523,16.99853242771153,Cat_A,Type_Z,A very long text field containing lots of information that might be useful,2021-01-25,0.601929419952244,0
392,0.8414229288257277,85.33776779058601,Cat_A,Type_Y,A very long text field containing lots of information that might be useful,2021-01-26,,1
393,-0.09732384640269483,26.267280881694376,Cat_D,Type_Y,A very long text field containing lots of information that might be useful,2021-01-27,0.505341429690494,1
394,-1.0662963090128519,61.245070841861995,Cat_D,Type_Y,This is a medium length text with more words,2021-01-28,-0.6916051155785187,0
395,1.45091358480016,35.11290742114559,Cat_A,Type_X,A very long text field containing lots of information that might be useful,2021-01-29,-0.36251613755456136,0
396,-0.04156617166523807,22.50508520023786,Cat_B,Type_Z,A very long text field containing lots of information that might be useful,2021-01-30,-0.46178717694460997,1
397,-0.7644211073560876,77.29595669701273,Cat_B,Type_Z,This is a medium length text with more words,2021-01-31,-1.3400182863076844,0
398,1.3224400389832778,76.79149913986562,Cat_A,Type_X,Short text,2021-02-01,0.19002306596920213,0
399,-0.8716691264961016,52.908452220191606,Cat_B,Type_Z,Short text,2021-02-02,0.5098417724104393,1
400,0.3624978804945047,55.118787842534225,Cat_D,Type_Z,Short text,2021-02-03,,1
401,0.29682004706963877,75.03107283630463,Cat_D,Type_X,This is a medium length text with more words,2021-02-04,-0.19358587758954163,0
402,-0.34747194295024203,32.72995881856872,Cat_B,Type_Y,This is a medium length text with more words,2021-02-05,,1
403,1.43927364772497,85.18268053536777,Cat_C,Type_Z,Short text,2021-02-06,-0.3613752998429747,1
404,0.4570960712732976,29.302758719117694,Cat_C,Type_X,Short text,2021-02-07,-1.0798179538379664,1
405,-0.7013430105050315,2.3996700893652356,Cat_B,Type_X,Short text,2021-02-08,-2.0160913625657555,1
406,2.0792731771744797,11.77206320681574,Cat_A,Type_Y,A very long text field containing lots of information that might be useful,2021-02-09,,1
407,0.6009547755472908,30.686862809924655,Cat_C,Type_X,A very long text field containing lots of information that might be useful,2021-02-10,,1
408,0.5615306076086736,11.048157909236501,Cat_A,Type_X,This is a medium length text with more words,2021-02-11,-0.8069800251838545,1
409,0.04467370826886591,13.116653690785274,Cat_C,Type_Y,Short text,2021-02-12,,1
410,-1.452436477554737,91.26446424243386,Cat_B,Type_Z,This is a medium length text with more words,2021-02-13,-0.7941302298651598,0
411,0.6926551723254819,82.56997298190547,Cat_B,Type_Y,A very long text field containing lots of information that might be useful,2021-02-14,1.894261216585976,0
412,-0.9391711032860406,49.62598577134387,Cat_A,Type_X,Short text,2021-02-15,0.5985283802549557,0
413,-0.033958873674811554,46.20528585785475,Cat_B,Type_X,This is a medium length text with more words,2021-02-16,1.2083344360296089,1
414,-1.5022062925934851,24.380871290628026,Cat_D,Type_Y,A very long text field containing lots of information that might be useful,2021-02-17,,0
415,-0.24775560944602462,91.8541035993098,Cat_A,Type_X,This is a medium length text with more words,2021-02-18,-1.7779534312793566,1
416,0.8855031755490091,60.5079800815418,Cat_C,Type_X,Short text,2021-02-19,-0.09469930526190111,1
417,0.37589606038902185,64.18115750429442,Cat_C,Type_X,This is a medium length text with more words,2021-02-20,2.0027763373993124,1
418,0.283753377377724,91.1756859245984,Cat_C,Type_Z,Short text,2021-02-21,-0.8026747046234252,0
419,-0.35166622975817,32.56063507746227,Cat_C,Type_X,A very long text field containing lots of information that might be useful,2021-02-22,1.8755064811829134,1
420,0.8867118971354836,73.44358131097987,Cat_A,Type_Y,A very long text field containing lots of information that might be useful,2021-02-23,0.2915289285464141,0
421,0.05415716458951175,61.51132529431638,Cat_D,Type_Z,This is a medium length text with more words,2021-02-24,-1.8992577080009903,1
422,-0.9366720112090962,46.36532862540235,Cat_D,Type_Y,Short text,2021-02-25,-0.2211763133431763,0
423,0.032993535176759674,83.29583972551451,Cat_C,Type_X,This is a medium length text with more words,2021-02-26,0.8625731374000453,0
424,0.7553546119147576,96.17734734965119,Cat_D,Type_Y,A very long text field containing lots of information that might be useful,2021-02-27,-0.4796247051646225,1
425,0.9380213514630412,41.31305150603356,Cat_C,Type_Y,Short text,2021-02-28,0.08230878093996291,0
426,-2.290456580105034,80.81225058189662,Cat_A,Type_X,This is a medium length text with more words,2021-03-01,-0.3425143132956948,1
427,0.2064866363354342,33.40687916324544,Cat_B,Type_Z,Short text,2021-03-02,,1
428,0.8710682142504517,1.8790871529001607,Cat_D,Type_Y,Short text,2021-03-03,1.6764955736504326,1
429,-0.4831899055655208,39.4937528306453,Cat_C,Type_Z,Short text,2021-03-04,-1.5743589678426926,1
430,-1.2164279720316562,87.37054694710781,Cat_C,Type_Y,A very long text field containing lots of information that might be useful,2021-03-05,,1
431,-0.5834175289371598,94.07493945013103,Cat_A,Type_Z,This is a medium length text with more words,2021-03-06,-0.08763016956814926,0
432,-0.695724032080415,20.260005877077525,Cat_B,Type_X,Short text,2021-03-07,0.5650319970546354,1
433,-0.22234677330938882,70.82622951398994,Cat_D,Type_Y,This is a medium length text with more words,2021-03-08,-1.4054229069997275,0
434,-1.3772171623303189,10.41461547046506,Cat_A,Type_Y,Short text,2021-03-09,,0
435,-0.5460217042120691,67.21312864824233,Cat_A,Type_Z,A very long text field containing lots of information that might be useful,2021-03-10,,1
436,0.03939975746022279,17.608905568159162,Cat_B,Type_Z,Short text,2021-03-11,0.3930070400261595,0
437,-0.14294486607621076,51.53521071337526,Cat_A,Type_Y,A very long text field containing lots of information that might be useful,2021-03-12,,1
438,0.467188098077867,2.343543201132614,Cat_C,Type_X,Short text,2021-03-13,-0.5083726520196219,1
439,-0.8891236910010265,43.22556455244403,Cat_C,Type_Y,This is a medium length text with more words,2021-03-14,-0.20715437464465464,1
440,1.4930781915273728,90.96606515541428,Cat_B,Type_Y,A very long text field containing lots of information that might be useful,2021-03-15,-0.4126989580642284,0
441,0.10841837855837853,22.667324699095794,Cat_B,Type_X,This is a medium length text with more words,2021-03-16,-2.0917143272574705,0
442,0.11182993092488482,46.893063718083184,Cat_A,Type_Y,A very long text field containing lots of information that might be useful,2021-03-17,-1.3168811918203123,1
443,1.3366961585946486,61.7218553357896,Cat_D,Type_Y,A very long text field containing lots of information that might be useful,2021-03-18,-0.30988616859505447,1
444,0.2743696761435416,6.007255947247813,Cat_B,Type_X,A very long text field containing lots of information that might be useful,2021-03-19,-0.24185921971802,1
445,-0.9422194592921962,42.52883861622949,Cat_C,Type_Y,A very long text field containing lots of information that might be useful,2021-03-20,0.2233809767189872,1
446,-1.2497248335152864,9.44531535256542,Cat_B,Type_Y,A very long text field containing lots of information that might be useful,2021-03-21,-0.058998771109442065,1
447,-0.07656795238434153,66.37493064920305,Cat_D,Type_Z,This is a medium length text with more words,2021-03-22,-0.15790671265148867,1
448,0.5039732944441351,4.84167801451968,Cat_A,Type_X,Short text,2021-03-23,-1.3336260991266324,0
449,-0.34338174498530977,6.1732213871526165,Cat_B,Type_Y,A very long text field containing lots of information that might be useful,2021-03-24,0.22647701052446478,1
450,1.9332769482696248,2.1620155560279963,Cat_B,Type_Z,Short text,2021-03-25,,0
451,1.2687508924617021,83.52651473995431,Cat_B,Type_Z,Short text,2021-03-26,,1
452,0.7465241688847652,15.508862890335706,Cat_D,Type_Y,This is a medium length text with more words,2021-03-27,-1.431927023845451,0
453,-1.0815950279815119,22.01151482901459,Cat_C,Type_Y,This is a medium length text with more words,2021-03-28,-1.0663984098180908,0
454,-0.4528516691577539,23.24198920631453,Cat_A,Type_Z,A very long text field containing lots of information that might be useful,2021-03-29,0.3172569144445044,0
455,0.7913112126170619,84.77179072655696,Cat_C,Type_Z,A very long text field containing lots of information that might be useful,2021-03-30,-1.9735996397537425,1
456,0.3444370498694617,63.24769729666565,Cat_A,Type_Z,This is a medium length text with more words,2021-03-31,-1.6882118529825454,1
457,-0.27315990053850847,98.68038981993543,Cat_A,Type_Y,Short text,2021-04-01,2.376514642797762,1
458,-0.5015414011256234,68.1603599873705,Cat_B,Type_Y,This is a medium length text with more words,2021-04-02,0.6103168285918418,0
459,1.0556638228804514,77.30005080157652,Cat_D,Type_Z,This is a medium length text with more words,2021-04-03,0.21508099287318658,0
460,-1.7832455614647487,69.41305345310876,Cat_C,Type_Z,A very long text field containing lots of information that might be useful,2021-04-04,-0.12337073615523618,1
461,0.32700989479793513,95.91624982367648,Cat_A,Type_Y,A very long text field containing lots of information that might be useful,2021-04-05,0.12175358624890442,1
462,-1.2721694250607092,9.085100326864215,Cat_D,Type_Z,A very long text field containing lots of information that might be useful,2021-04-06,0.59435292067563,1
463,1.2507545525941317,89.12378683587943,Cat_D,Type_Y,Short text,2021-04-07,0.05494190887580976,1
464,-1.1319870528150087,97.2880863192948,Cat_C,Type_Z,A very long text field containing lots of information that might be useful,2021-04-08,1.4900181545454643,1
465,-0.31502091681969013,90.13978491156499,Cat_B,Type_X,This is a medium length text with more words,2021-04-09,-0.3106518284010916,0
466,1.175290161827828,51.6097519716109,Cat_B,Type_Y,Short text,2021-04-10,-0.03479791332693686,1
467,-1.6228186357290875,13.95048932996782,Cat_A,Type_X,A very long text field containing lots of information that might be useful,2021-04-11,0.33689637818591833,1
468,0.17714837330122526,76.05306162584634,Cat_D,Type_X,This is a medium length text with more words,2021-04-12,-1.3028329677374941,0
469,-1.340107849174801,27.709426111037516,Cat_D,Type_Y,This is a medium length text with more words,2021-04-13,,0
470,0.7389692976830945,45.78427868859832,Cat_D,Type_Y,This is a medium length text with more words,2021-04-14,1.4980875361403643,1
471,-1.6136978036743748,34.87832929241971,Cat_C,Type_Y,This is a medium length text with more words,2021-04-15,,1
472,-1.6275212994774275,59.82741027121142,Cat_B,Type_Y,A very long text field containing lots of information that might be useful,2021-04-16,-0.17775266003129161,0
473,1.216347759157854,13.258725959671692,Cat_C,Type_Y,Short text,2021-04-17,0.5458824269160394,1
474,0.1907809688386647,13.493293049260235,Cat_C,Type_Y,A very long text field containing lots of information that might be useful,2021-04-18,-0.6648474792222726,0
475,0.9676322929453934,53.773665892169596,Cat_A,Type_X,A very long text field containing lots of information that might be useful,2021-04-19,,0
476,0.4142629112841416,20.389527553601805,Cat_D,Type_X,This is a medium length text with more words,2021-04-20,-0.2877396708039586,0
477,1.194803313063615,95.5670823652358,Cat_B,Type_Z,Short text,2021-04-21,,1
478,-0.8489775253045286,87.29822035720585,Cat_A,Type_Y,This is a medium length text with more words,2021-04-22,-0.1339324297512752,0
479,0.06329715623877016,8.308043495976847,Cat_D,Type_Y,Short text,2021-04-23,0.47149983006975993,0
480,-0.5732248796330297,6.995172915466785,Cat_A,Type_X,Short text,2021-04-24,,1
481,0.6837059634041858,80.97426976782249,Cat_A,Type_Z,A very long text field containing lots of information that might be useful,2021-04-25,,1
482,-0.09747186393978084,18.84132721212022,Cat_A,Type_Y,A very long text field containing lots of information that might be useful,2021-04-26,,0
483,0.03644228697485023,21.705473399307586,Cat_C,Type_Y,Short text,2021-04-27,0.23035310837285808,1
484,0.3703262855787377,91.5190472133652,Cat_D,Type_X,A very long text field containing lots of information that might be useful,2021-04-28,0.47785552629760886,1
485,0.9104470572892285,59.538478244625935,Cat_D,Type_Z,A very long text field containing lots of information that might be useful,2021-04-29,-0.3820358554625689,0
486,-1.7938676775842939,92.18064943589518,Cat_D,Type_Y,A very long text field containing lots of information that might be useful,2021-04-30,-0.2774959873432157,0
487,-0.759528036704766,97.61114038858796,Cat_B,Type_Z,A very long text field containing lots of information that might be useful,2021-05-01,1.129649583114443,1
488,-0.32815912749396825,92.42765855125535,Cat_B,Type_X,A very long text field containing lots of information that might be useful,2021-05-02,0.37993396842156896,0
489,0.8453015088529375,90.5017643610354,Cat_A,Type_X,This is a medium length text with more words,2021-05-03,0.3963764193370264,1
490,2.199573749174582,18.400552039366236,Cat_D,Type_Z,Short text,2021-05-04,,0
491,1.5733613006397151,10.63497912930378,Cat_B,Type_Z,A very long text field containing lots of information that might be useful,2021-05-05,-0.9366983590479955,1
492,-0.8541844669992783,92.08059483479289,Cat_B,Type_Z,A very long text field containing lots of information that might be useful,2021-05-06,1.0564981361459922,0
493,0.0935300494651953,18.73858308252212,Cat_A,Type_Z,This is a medium length text with more words,2021-05-07,1.9965482583017484,1
494,0.5475572528496195,35.507052467438946,Cat_C,Type_X,This is a medium length text with more words,2021-05-08,0.36850376839044197,1
495,0.9881577608085702,36.39754476180538,Cat_A,Type_Z,A very long text field containing lots of information that might be useful,2021-05-09,,1
496,0.4134556889987895,41.57487973479493,Cat_B,Type_X,A very long text field containing lots of information that might be useful,2021-05-10,0.403087814553903,1
497,-1.8012012043172947,40.50058777530732,Cat_A,Type_X,A very long text field containing lots of information that might be useful,2021-05-11,-0.1685186754668674,0
498,-0.8146642964412337,51.48261789639734,Cat_B,Type_X,This is a medium length text with more words,2021-05-12,,0
499,-0.6485823234589059,0.7491484682155214,Cat_B,Type_X,A very long text field containing lots of information that might be useful,2021-05-13,0.459786074932057,0
500,0.48189812083042466,92.93561698495803,Cat_A,Type_Z,This is a medium length text with more words,2021-05-14,0.5018719152865382,1
501,-0.3901137263364999,25.328557790602645,Cat_B,Type_Z,A very long text field containing lots of information that might be useful,2021-05-15,0.0349051794401487,1
502,-0.7863515384513639,76.05976725441785,Cat_D,Type_Y,Short text,2021-05-16,-0.6392870869060814,0
503,1.3659683037583072,70.3243429854841,Cat_B,Type_Y,This is a medium length text with more words,2021-05-17,,1
504,0.8249632937739088,16.482035791244886,Cat_C,Type_X,A very long text field containing lots of information that might be useful,2021-05-18,,0
505,1.2141774617429124,32.86530415894672,Cat_D,Type_Z,This is a medium length text with more words,2021-05-19,-0.374249240090847,0
506,-0.23412556827849737,50.58167977635433,Cat_A,Type_X,A very long text field containing lots of information that might be useful,2021-05-20,1.425003864803622,1
507,-0.2035955321660808,26.685698370326772,Cat_D,Type_X,Short text,2021-05-21,-1.337740675574167,1
508,-0.6325683863124175,89.62544033493893,Cat_A,Type_Y,Short text,2021-05-22,0.5958366971792437,1
509,0.06158607318845676,60.58820099446618,Cat_B,Type_Z,This is a medium length text with more words,2021-05-23,0.04501983903789998,1
510,-1.1270103836758976,90.43270463482779,Cat_C,Type_Y,Short text,2021-05-24,-1.150818739983676,1
511,2.3237590066539346,55.50790064745663,Cat_B,Type_X,Short text,2021-05-25,2.2062603309770803,1
512,-0.8616331088983898,40.02822227005698,Cat_A,Type_Y,A very long text field containing lots of information that might be useful,2021-05-26,-0.577631468808642,1
513,0.30923370487126295,50.859290818114154,Cat_D,Type_X,Short text,2021-05-27,,0
514,0.7176684296529917,57.516979711007934,Cat_D,Type_X,This is a medium length text with more words,2021-05-28,1.0474120801705937,0
515,-0.28786423965455293,8.408615849423695,Cat_C,Type_Z,Short text,2021-05-29,1.4383847740029585,0
516,0.7750206472739798,28.356079898427843,Cat_D,Type_Z,A very long text field containing lots of information that might be useful,2021-05-30,,0
517,-1.1201666283182465,84.20813632444077,Cat_B,Type_Z,Short text,2021-05-31,-0.425415382296987,1
518,-0.7740716193675115,37.27368968350754,Cat_A,Type_X,Short text,2021-06-01,0.6217279537619521,0
519,0.5551055735568049,51.82065772710411,Cat_C,Type_Z,Short text,2021-06-02,,1
520,0.5403400951738384,61.20227831231665,Cat_D,Type_Z,Short text,2021-06-03,-0.5085947570712963,1
521,-0.14610279385483918,67.75857779185188,Cat_C,Type_Z,A very long text field containing lots of information that might be useful,2021-06-04,-1.1090592359261964,0
522,3.346425855625126,47.11103899751018,Cat_C,Type_Z,A very long text field containing lots of information that might be useful,2021-06-05,-0.8746330764710972,1
523,0.9264589744757583,24.335363395656817,Cat_D,Type_Z,A very long text field containing lots of information that might be useful,2021-06-06,,1
524,1.3523014137097933,90.09339074897129,Cat_D,Type_X,This is a medium length text with more words,2021-06-07,-0.95368524269835,0
525,1.8732899027333896,74.15757579859832,Cat_A,Type_Y,A very long text field containing lots of information that might be useful,2021-06-08,0.5527741916996419,1
526,0.4316066197720903,20.232036859324076,Cat_C,Type_Y,Short text,2021-06-09,,1
527,0.6817738475275554,87.0731184122152,Cat_A,Type_Z,This is a medium length text with more words,2021-06-10,,0
528,-0.7004407206720792,81.13419347733549,Cat_A,Type_Z,A very long text field containing lots of information that might be useful,2021-06-11,1.7549506605309049,0
529,0.6643195304490879,14.804183066922905,Cat_D,Type_Y,This is a medium length text with more words,2021-06-12,-0.052154073659372906,0
530,-1.0937478859580914,85.58905503676344,Cat_B,Type_Y,Short text,2021-06-13,0.6082136310983485,0
531,0.9682870897925738,56.67740037564367,Cat_D,Type_Z,This is a medium length text with more words,2021-06-14,-0.7697588466372893,1
532,-1.07116567992013,52.4685760382521,Cat_B,Type_Z,Short text,2021-06-15,-1.5065682592622165,1
533,-1.496989012652645,96.0039742190485,Cat_B,Type_Y,Short text,2021-06-16,-1.4886435483002642,1
534,-1.0708731176083008,58.692190873800676,Cat_A,Type_X,This is a medium length text with more words,2021-06-17,0.7244902789857945,0
535,0.850082995235134,89.21571927065737,Cat_A,Type_X,Short text,2021-06-18,0.46694172762383734,0
536,1.5297743596675637,91.68738913792794,Cat_C,Type_X,A very long text field containing lots of information that might be useful,2021-06-19,-0.1384046884983717,1
537,0.4667586171822564,51.77899491994245,Cat_A,Type_Z,Short text,2021-06-20,-0.7907736146277392,1
538,0.689920774579292,9.789706924587872,Cat_D,Type_Y,Short text,2021-06-21,,1
539,0.5914937016875651,21.49550122089361,Cat_D,Type_Z,Short text,2021-06-22,-0.19821234448091404,0
540,-1.4338630304188895,57.5002685013254,Cat_A,Type_X,Short text,2021-06-23,,1
541,-1.9135336357549955,57.350387896448005,Cat_C,Type_X,This is a medium length text with more words,2021-06-24,-0.43370063376919044,0
542,-1.2029675567560767,15.904198274274695,Cat_A,Type_Y,This is a medium length text with more words,2021-06-25,0.729344272367686,0
543,0.39239095854089323,15.963373081462539,Cat_B,Type_X,A very long text field containing lots of information that might be useful,2021-06-26,2.0118761517756347,0
544,-0.16759058517983066,9.632513358207618,Cat_B,Type_Y,This is a medium length text with more words,2021-06-27,-1.667132250579427,0
545,0.23436586225299016,76.92190895299782,Cat_D,Type_X,A very long text field containing lots of information that might be useful,2021-06-28,,0
546,-0.8049773066793598,29.376516330970137,Cat_A,Type_X,A very long text field containing lots of information that might be useful,2021-06-29,-0.3298015460572506,1
547,-0.14225500824502985,30.429268454998137,Cat_C,Type_Y,Short text,2021-06-30,0.47030294526856586,1
548,2.0270213774318324,69.17934683339884,Cat_D,Type_Z,Short text,2021-07-01,,0
549,1.0558464141907604,17.71786383613153,Cat_C,Type_Y,Short text,2021-07-02,-0.2918056340171448,0
550,-0.22943768429289785,59.27002551104589,Cat_B,Type_X,A very long text field containing lots of information that might be useful,2021-07-03,-1.473720404329987,1
551,-1.7691944908604873,12.505536703227428,Cat_B,Type_X,Short text,2021-07-04,,0
552,-1.5129436929092202,99.88024454138991,Cat_D,Type_Y,Short text,2021-07-05,-0.5196580420832888,1
553,0.22548362886420736,79.64011307216269,Cat_D,Type_X,Short text,2021-07-06,-0.6534393378531883,0
554,-1.1961598323885976,88.99126852265415,Cat_D,Type_Z,This is a medium length text with more words,2021-07-07,0.4149967049957759,0
555,-0.5903656134648544,35.322463013645546,Cat_C,Type_X,This is a medium length text with more words,2021-07-08,0.7211946279284325,1
556,-0.14915634457092972,91.19397714562857,Cat_C,Type_Z,A very long text field containing lots of information that might be useful,2021-07-09,1.0972214896199795,1
557,1.536929043089779,11.826761003812504,Cat_B,Type_Y,This is a medium length text with more words,2021-07-10,-1.482880425204023,1
558,-0.018985154311958304,70.94030926728364,Cat_D,Type_X,This is a medium length text with more words,2021-07-11,,0
559,1.8638679243115537,60.62273142753889,Cat_B,Type_Y,A very long text field containing lots of information that might be useful,2021-07-12,-0.04679775791203936,1
560,1.9208610124804022,75.53084117697114,Cat_B,Type_X,A very long text field containing lots of information that might be useful,2021-07-13,-0.6566399669114824,0
561,-0.22206676650546428,38.483799122508486,Cat_C,Type_Y,Short text,2021-07-14,0.26736083967758845,1
562,-1.421161945798911,61.73862359554102,Cat_D,Type_X,Short text,2021-07-15,,1
563,-1.014279080032916,84.56006441739248,Cat_D,Type_Z,This is a medium length text with more words,2021-07-16,1.085566506138139,1
564,1.0401095152142836,56.13844190986283,Cat_A,Type_X,Short text,2021-07-17,1.3461924371138754,1
565,-0.13098958053978102,29.465449931342913,Cat_A,Type_Z,A very long text field containing lots of information that might be useful,2021-07-18,0.23444491194803152,1
566,-0.40398859159257167,65.71074802639113,Cat_C,Type_Z,This is a medium length text with more words,2021-07-19,-0.025034825387193788,1
567,0.6589978503658731,34.94750287638072,Cat_D,Type_Z,This is a medium length text with more words,2021-07-20,0.4282483932689567,0
568,1.0590659597391645,32.428634946131574,Cat_C,Type_Z,Short text,2021-07-21,,0
569,0.15981178321232112,89.53412588386907,Cat_D,Type_Z,This is a medium length text with more words,2021-07-22,-0.9862090599807134,1
570,-0.06539723926584282,97.44106917245323,Cat_A,Type_Y,A very long text field containing lots of information that might be useful,2021-07-23,0.21322189843773906,1
571,0.4681092319082054,34.751572580579015,Cat_A,Type_Z,Short text,2021-07-24,0.10682307987882043,0
572,-1.0945798647735479,80.19542139172277,Cat_D,Type_Z,A very long text field containing lots of information that might be useful,2021-07-25,-0.28648275385817584,1
573,0.6255450177363928,88.25320040390241,Cat_D,Type_X,Short text,2021-07-26,-0.044164325947906403,0
574,1.705679948863601,86.93417544702501,Cat_A,Type_X,A very long text field containing lots of information that might be useful,2021-07-27,-1.7621402615838067,1
575,1.2322828069306058,5.103121275363809,Cat_A,Type_Z,This is a medium length text with more words,2021-07-28,0.9617377345546115,1
576,0.5620850118450594,75.81946463995982,Cat_C,Type_X,A very long text field containing lots of information that might be useful,2021-07-29,-1.0220765716711118,0
577,0.04632606458442244,3.196796506065369,Cat_B,Type_Z,Short text,2021-07-30,0.8685333861933127,1
578,-1.1131559302912144,96.40760718043327,Cat_D,Type_X,Short text,2021-07-31,,0
579,-0.4605565404702059,40.08446315294355,Cat_C,Type_Y,A very long text field containing lots of information that might be useful,2021-08-01,0.7433247784643473,0
580,0.6767054769915386,89.93357808338833,Cat_D,Type_Z,Short text,2021-08-02,,1
581,0.005857957889414014,69.53126277792475,Cat_A,Type_X,This is a medium length text with more words,2021-08-03,0.13315392085330396,0
582,-0.9551168787566653,33.25974410240491,Cat_B,Type_Z,Short text,2021-08-04,-1.2765456683185001,0
583,-1.257302665922364,51.755850574235666,Cat_C,Type_Y,Short text,2021-08-05,-1.0507409740264426,1
584,0.3677991602999989,9.917749962839018,Cat_A,Type_Y,This is a medium length text with more words,2021-08-06,-0.06859801711831792,0
585,-0.9920417699765963,22.671987321001062,Cat_D,Type_Z,This is a medium length text with more words,2021-08-07,0.3681198266279556,1
586,0.008938517688820107,74.11998302357141,Cat_C,Type_X,Short text,2021-08-08,-0.3779962364257745,1
587,0.08616904774603258,90.31509108593055,Cat_D,Type_X,Short text,2021-08-09,0.48849238316922916,1
588,-1.404176270915196,39.31697010205616,Cat_C,Type_Y,This is a medium length text with more words,2021-08-10,0.3606376672993272,1
589,-0.3966731250648071,59.06464620212023,Cat_C,Type_Y,This is a medium length text with more words,2021-08-11,-0.5343218929099972,1
590,-1.9793663120250071,53.05447670793598,Cat_C,Type_X,Short text,2021-08-12,,1
591,0.8682489191188224,47.71152580747062,Cat_B,Type_X,A very long text field containing lots of information that might be useful,2021-08-13,-0.8223301939940677,1
592,-1.2302736711645266,34.31625987439889,Cat_B,Type_X,Short text,2021-08-14,0.8547888884314268,0
593,-1.5796967155672783,95.9136973884195,Cat_A,Type_Z,Short text,2021-08-15,,1
594,0.6832259053391534,17.13781861820225,Cat_A,Type_Y,Short text,2021-08-16,,0
595,-1.3515024392920507,46.384734315763595,Cat_B,Type_Z,A very long text field containing lots of information that might be useful,2021-08-17,,1
596,-0.9860358164315111,83.51253463538227,Cat_B,Type_X,This is a medium length text with more words,2021-08-18,,0
597,0.318029432217019,38.047532196814394,Cat_B,Type_Y,A very long text field containing lots of information that might be useful,2021-08-19,-0.2329403247173422,0
598,-0.991272082807521,94.56028325270522,Cat_C,Type_X,This is a medium length text with more words,2021-08-20,-0.7012150190688495,1
599,-1.4423128342629974,4.051222376162156,Cat_D,Type_X,A very long text field containing lots of information that might be useful,2021-08-21,,0
600,-0.6024780594862331,23.086012487013143,Cat_D,Type_Z,This is a medium length text with more words,2021-08-22,0.16572318156081306,0
