date,value,trend,seasonality,moving_avg_7,moving_avg_30
2022-01-01,97.52544296194647,100.0,0.0,,
2022-01-02,107.2386864809158,100.20040080160321,0.5036089144027704,,
2022-01-03,99.45630397874419,100.40080160320642,1.0068984625005748,,
2022-01-04,103.12735229549475,100.60120240480961,1.5095494805163088,,
2022-01-05,115.3887093218617,100.80160320641282,2.011243209600158,,
2022-01-06,98.8609452970917,101.00200400801603,2.51166149797224,,
2022-01-07,104.05868925962173,101.20240480961924,3.0104870026802666,103.6651613708109,
2022-01-08,103.05692934967614,101.40280561122245,3.507403390844288,104.45537371191514,
2022-01-09,109.87251775861039,101.60320641282566,4.002095540260891,104.83163532301437,
2022-01-10,107.24224954299991,101.80360721442885,4.494249739239642,105.94391326076519,
2022-01-11,101.61248629502076,102.00400801603206,4.983553885545043,105.72750383212603,
2022-01-12,110.12931332985087,102.20440881763527,5.469697684317847,104.97616154755308,
2022-01-13,111.9692631073053,102.40480961923848,5.952372844850214,106.84877837758359,
2022-01-14,111.31784290222058,102.60521042084169,6.43127327608992,107.88580032652627,
2022-01-15,117.40447578316949,102.8056112224449,6.906095280749652,109.93544981702533,
2022-01-16,107.40128258869545,103.00601202404809,7.3765377478982685,109.5824162213232,
2022-01-17,110.91849258551892,103.2064128256513,7.842302343911934,110.1075937988259,
2022-01-18,119.98690688242638,103.40681362725451,8.303093701663975,112.73251102559814,
2022-01-19,115.4722767689279,103.60721442885772,8.758619607833543,113.49579151689485,
2022-01-20,100.59208027608759,103.80761523046093,9.208591188214271,111.87047968386376,
2022-01-21,117.37883364715147,104.00801603206413,9.65272309090539,112.73633550456817,
2022-01-22,108.6292152294022,104.20841683366733,10.090733667269197,111.48272685403,
2022-01-23,116.36585783176227,104.40881763527054,10.52234515054003,112.76338046018239,
2022-01-24,113.76347729976754,104.60921843687375,10.947283831971575,113.16980684793218,
2022-01-25,106.5195076645302,104.80961923847696,11.365280234410747,111.24589267394701,
2022-01-26,120.21739557443304,105.01002004008016,11.776069283188049,111.92376678901918,
2022-01-27,122.6886983775654,105.21042084168337,12.179390474216135,115.08042651780173,
2022-01-28,129.46575673681863,105.41082164328657,12.574988039189856,116.80712981632561,
2022-01-29,122.28573827631544,105.61122244488978,12.962611107783122,118.75806168017036,
2022-01-30,126.67654285455015,105.81162324649299,13.34201386673966,120.23101668342576,111.22077567528275
2022-01-31,118.22608353674393,106.0120240480962,13.71295571575682,120.8685318601367,111.910797027776
2022-02-01,112.16348550108694,106.2124248496994,14.07520142006356,121.67481440821622,112.07495699511504
2022-02-02,123.3379913110374,106.41282565130261,14.428521259595819,122.12061379915971,112.87101323952479
2022-02-03,130.46495055655316,106.6132264529058,14.772691174674758,123.23150696758651,113.78226651489344
2022-02-04,123.51306542450978,106.81362725450902,15.107492908095404,122.38112249439953,114.05307838498169
2022-02-05,120.51308687945419,107.01402805611222,15.432714143535618,122.12788658056222,114.77481643772711
2022-02-06,118.05125534485377,107.21442885771543,15.748148640197657,120.8957026506056,115.24123530723483
2022-02-07,121.05279613543,107.41482965931864,16.053596363596867,121.29951873613217,115.84109753342663
2022-02-08,116.75373210456456,107.61523046092185,16.348863612414647,121.9552682509147,116.07047134495843
2022-02-09,119.41348350861244,107.81563126252505,16.63376314133516,121.3946242791397,116.4761791438122
2022-02-10,134.85225804053778,108.01603206412825,16.90811427978798,122.0213824911375,117.58417153532943
2022-02-11,133.50985194746494,108.21643286573146,17.171743046521296,123.44949485155966,118.36352282258322
2022-02-12,116.43234553695703,108.41683366733467,17.424482259933065,122.8665318026315,118.51229223690494
2022-02-13,128.48903948256844,108.61723446893788,17.666171644090113,124.35764382230502,119.08466545624988
2022-02-14,121.9407085603635,108.81763527054107,17.896657930368004,124.48448845443839,119.23587321548968
2022-02-15,127.76420281148236,109.01803607214428,18.115794954647136,126.05741284114093,119.9146372229159
2022-02-16,118.40919399462963,109.21843687374749,18.32344375000353,125.91394291057195,120.16432726988627
2022-02-17,120.26671005460179,109.4188376753507,18.51947263483544,123.83029319829538,120.17365404229211
2022-02-18,124.79396680561247,109.61923847695391,18.70375729636994,122.58516674945932,120.48437704351494
2022-02-19,125.70455285927422,109.81963927855712,18.876180869496565,123.90976779550462,121.32145946295448
2022-02-20,123.61448266058221,110.02004008016033,19.036634010877926,123.21340253522088,121.52931443006885
2022-02-21,130.25845462576302,110.22044088176352,19.185014968290382,124.4016519731351,122.25028907661421
2022-02-22,132.23695807106031,110.42084168336673,19.321229645150776,125.04061701021767,122.77932575125747
2022-02-23,125.26646346004084,110.62124248496994,19.44519166018827,126.02022693384784,123.1627586232666
2022-02-24,121.32218648936106,110.82164328657315,19.556822402223503,126.1710092816706,123.65618125076094
2022-02-25,122.05970182789979,111.02204408817636,19.656051080020287,125.7803999991402,123.71759145920984
2022-02-26,125.66495132359077,111.22244488977955,19.742814767178256,125.77474263689973,123.81679989074402
2022-02-27,130.4428795541331,111.42284569138276,19.817058442037986,126.75022790740698,123.84937065132117
2022-02-28,133.06202389120398,111.62324649298597,19.878735022573267,127.15073780246998,124.20858017181745
2022-03-01,135.30259349314977,111.82364729458918,19.927805396248427,127.58868571991131,124.4961151931041
2022-03-02,133.62633058730893,112.02404809619239,19.96423844482176,128.7829524523782,125.00945676145626
2022-03-03,135.16849016326552,112.2244488977956,19.988011064079327,130.76099583436454,125.77629025019556
2022-03-04,137.42721789355284,112.4248496993988,19.99910817848661,132.956355272315,126.24593113627942
2022-03-05,131.4558372310407,112.625250501002,19.997522750748747,133.78362468766497,126.27896069209565
2022-03-06,128.3100213230848,112.82565130260521,19.98325578627328,133.4789306546581,126.43885922204817
2022-03-07,138.16496327689538,113.02605210420842,19.956316332532555,134.20792199547114,127.02725510196287
2022-03-08,137.5914931397876,113.22645290581163,19.916721473326234,134.53490765927654,127.678596361794
2022-03-09,133.22002073631361,113.42685370741484,19.86449631794749,134.47686339484864,128.08417051515679
2022-03-10,128.4922473814304,113.62725450901803,19.79967398525984,133.52311442601504,128.47545435771897
2022-03-11,127.72022353313625,113.82765531062124,19.72229558269462,132.13640094595553,128.75234569186975
2022-03-12,130.51289561191612,114.02805611222445,19.632410180182497,132.00169500036628,128.60770027758238
2022-03-13,139.58823157848698,114.22845691382766,19.530074779035495,133.61286789399517,128.8103129319498
2022-03-14,138.35877305539339,114.42885771543087,19.415354275799327,133.64055500520917,129.541193849231
2022-03-15,126.23321044163204,114.62925851703407,19.28832142109887,132.01794319118696,129.46599954786646
2022-03-16,126.19000215038675,114.82965931863727,19.149056773503013,131.01365482176885,129.6076426675339
2022-03-17,138.51463560405503,115.03006012024048,18.99764864843794,132.44542456785808,129.96599042728633
2022-03-18,129.17554396115958,115.23046092184369,18.834193062181498,132.65332748614713,130.32486875950397
2022-03-19,132.40534298100815,115.4308617234469,18.6587936709739,132.92367711030315,130.72948985705085
2022-03-20,134.54667656296994,115.6312625250501,18.471561705283598,132.20345496522927,131.0545801822961
2022-03-21,138.70515965926614,115.83166332665331,18.27261589926986,132.25293876578252,131.48793374229584
2022-03-22,132.23533825786464,116.03206412825651,18.062082415486877,133.11038559667287,131.77529559553858
2022-03-23,139.37775516940138,116.23246492985972,17.840094764877108,134.99435031367497,132.07927228032653
2022-03-24,130.16667519867087,116.43286573146293,17.606793722104563,133.80178454147725,132.01026285124686
2022-03-25,132.0794060851597,116.63326653306613,17.362327236281835,134.21662198776298,132.23736093875084
2022-03-26,132.13385038601083,116.83366733466934,17.106850337147335,134.17783733133479,132.59774973530583
2022-03-27,123.245316440898,117.03406813627254,16.840525036752382,132.56335731389595,132.63727022240576
2022-03-28,135.49771889833903,117.23446893787576,16.563520226720353,132.10515149090634,132.96502914156406
2022-03-29,130.56826053652676,117.43486973947896,16.276011571143187,131.86699753071522,132.96920850764383
2022-03-30,126.78416269329622,117.63527054108216,15.978181395183038,130.06791289127162,132.75994646771358
2022-03-31,136.77727170305792,117.83567134268537,15.670218569449773,131.01228382046978,132.80910240804386
2022-04-01,140.9209320260096,118.03607214428858,15.3523183902277,132.2753589548769,133.05225578933388
2022-04-02,132.9882332492981,118.23647294589179,15.024682455627332,132.39741364963223,132.9795805588683
2022-04-03,131.5432071603556,118.43687374749499,14.6875185377409,133.58282660955473,132.7834468677617
2022-04-04,136.43839553751573,118.6372745490982,14.341040450882526,133.71720898658,132.94953214464422
2022-04-05,139.79444882749962,118.8376753507014,13.985467915996757,135.0352358852904,133.3323463947914
2022-04-06,133.5557906152737,119.03807615230461,13.621026421321327,136.00261130271574,133.17870730607066
2022-04-07,136.85509790940156,119.23847695390782,13.247947079392564,136.01372933219344,133.15416079839113
2022-04-08,134.566617749326,119.43887775551102,12.866466480484174,135.10597014981005,133.19904736549154
2022-04-09,133.96775228022804,119.63927855711422,12.476826542572182,135.24590143994288,133.38156419545146
2022-04-10,127.28855010996548,119.83967935871743,12.079274357921413,134.63809328988717,133.36717508134578
2022-04-11,132.21071915555925,120.04008016032064,11.674062036390538,134.03413952103622,133.42376919946722
2022-04-12,125.5012310201958,120.24048096192385,11.261446545555307,131.99225126284998,132.95420251419083
2022-04-13,129.15981451222913,120.44088176352706,10.84168954775114,131.36425467670077,132.64757056275204
2022-04-14,135.91967024878383,120.64128256513027,10.415057234138542,131.23062215375538,132.97045255632375
2022-04-15,123.68116558636112,120.84168336673346,9.98182015589659,129.6755575590461,132.8868246708562
2022-04-16,133.4856297427779,121.04208416833667,9.54225305265139,129.60668291083894,132.719191142147
2022-04-17,129.8891490322668,121.24248496993988,9.096634678248511,129.97819704259626,132.74297797785056
2022-04-18,124.92806076785756,121.44288577154309,8.645247623979692,128.9378172729246,132.4937352374122
2022-04-19,119.4006480810078,121.6432865731463,8.188378139376091,128.06630542446916,131.9888676213468
2022-04-20,132.1572272484922,121.84368737474949,7.726315950681587,128.49450724393532,131.77060320765435
2022-04-21,125.55099966576411,122.0440881763527,7.259354077121295,127.01326858921821,131.547791921251
2022-04-22,140.04177521989902,122.24448897795591,6.787788645081907,129.3504985368665,131.56992592293423
2022-04-23,130.19911446064356,122.44488977955912,6.31191870032148,128.88099635370443,131.57100723166667
2022-04-24,127.14966786016211,122.64529058116233,5.832046018328025,128.48964190054662,131.40668262416676
2022-04-25,124.03067914653317,122.84569138276554,5.348474912946891,128.3614445260717,131.13657691618417
2022-04-26,136.25036377515818,123.04609218436875,4.861512043398561,130.7685467680932,131.57007849399284
2022-04-27,125.13975759044672,123.24649298597194,4.371466219809026,129.7660511026581,131.2248131170631
2022-04-28,123.02913841240215,123.44689378757515,3.8786482073761603,129.4057852093207,130.97350904625895
2022-04-29,128.91642599655978,123.64729458917836,3.3833705292963545,127.8164496059865,131.04458448970107
2022-04-30,129.38694751338357,123.84769539078157,2.88594726857618,127.70042575637795,130.79824035004523
2022-05-01,128.5151550555035,124.04809619238478,2.3866938688550294,127.89549535571244,130.38471445102837
2022-05-02,123.06818316903995,124.24849699398797,1.8859269343647609,127.75799593035627,130.05404611501976
2022-05-03,112.29011831553132,124.44889779559118,1.383964029153484,124.33510372183814,129.41227648685896
2022-05-04,119.435365938263,124.64929859719439,0.8811234757005824,123.52019062866904,128.84550883355053
2022-05-05,131.53207097075472,124.8496993987976,0.3777241530507696,124.73489527986226,128.5700962383257
2022-05-06,122.45687820833714,125.0501002004008,-0.1259147054047087,123.8121027386876,128.2001324914278
2022-05-07,122.19202646017268,125.250501002004,-0.629473714371722,122.78425687394318,127.71136344312019
2022-05-08,124.28949956198713,125.45090180360722,-1.1326335391930866,122.18059180344085,127.36879283687556
2022-05-09,127.81319595188639,125.65130260521042,-1.6350750983564313,122.8584507724189,127.16364095926416
2022-05-10,122.04642648140297,125.85170340681363,-2.1364797658413917,124.25220908182915,126.98890350497875
2022-05-11,115.16353342029241,126.05210420841684,-2.6365295731780454,123.64194729354764,126.42066398046987
2022-05-12,119.54486999090061,126.25250501002004,-3.134907411088355,121.92949001071133,126.22211861282669
2022-05-13,122.98484665891381,126.45290581162325,-3.631297230582664,122.00491407507944,126.0162863510495
2022-05-14,130.53050786626682,126.65330661322645,-4.125384243383934,123.19612570452146,125.83664760496562
2022-05-15,118.75076940294504,126.85370741482966,-4.616855121552357,122.404878538944,125.67230106551841
2022-05-16,128.15937634801685,127.05410821643287,-5.105398196184023,122.45433288124835,125.49475928569304
2022-05-17,113.49713279454608,127.25450901803607,-5.590703655057379,121.23300521169736,124.94835874443567
2022-05-18,119.85121504227037,127.45490981963928,-6.072463739102336,121.90267401483707,124.77913055358276
2022-05-19,121.8051446970608,127.65531062124248,-6.550372937567369,122.22557040143138,124.85928044078454
2022-05-20,121.99698993272433,127.8557114228457,-7.024128181760751,122.08444801197574,124.52060586359228
2022-05-21,118.00192707470326,128.0561122244489,-7.493429037243252,120.2946507560381,124.26897011055691
2022-05-22,128.21696201402318,128.25651302605212,-7.957977894350203,121.6469639861921,123.87480967036105
2022-05-23,120.75250217233298,128.4569138276553,-8.417480156922322,120.58883910395157,123.55992259408403
2022-05-24,122.8134666633259,128.6573146292585,-8.871644429125405,121.91974394234869,123.41538255418949
2022-05-25,122.54646118208457,128.85771543086173,-9.320182700240586,122.30477910517928,123.3659086220412
2022-05-26,123.24239945443286,129.05811623246493,-9.762810527307904,122.5101012133753,122.93230981135038
2022-05-27,128.02534901487127,129.25851703406815,-10.199247215507292,123.37129536796772,123.02849619216451
2022-05-28,105.8377249199943,129.45891783567134,-10.629215996162761,121.6335522030093,122.45544907575092
2022-05-29,128.12493983366554,129.65931863727454,-11.052444202256698,121.62040617724391,122.42906620365444
2022-05-30,110.9792357318515,129.85971943887776,-11.468663441343164,120.22422525717514,121.8154758109367
2022-05-31,114.46142492325487,130.06012024048096,-11.877609765750375,119.03107643716498,121.34701813986176
2022-06-01,110.7135818061189,130.26052104208418,-12.279023839964555,117.34066509774132,120.93519809443106
2022-06-02,121.51708316629858,130.46092184368737,-12.672651105088974,117.09419134229357,121.24276358945663
2022-06-03,116.87198740653223,130.66132264529057,-13.058241940273781,115.5008539696737,121.15731763839894
2022-06-04,125.23874429062003,130.8617234468938,-13.435551821014478,118.27242816547736,120.94754008239445
2022-06-05,118.09412734317124,131.06212424849699,-13.804341474218393,116.83945495254963,120.80211505355557
2022-06-06,121.28771262535197,131.2625250501002,-14.164377029941056,118.31209450876396,120.77197125906154
2022-06-07,123.32284206731185,131.4629258517034,-14.515430169696034,119.57801124362925,120.7397493425724
2022-06-08,121.17060736193555,131.66332665330663,-14.857278271244347,121.07187203731735,120.51832972290735
2022-06-09,119.57419008453763,131.86372745490982,-15.189704549771578,120.79431588278007,120.43592184301184
2022-06-10,116.07384699838828,132.06412825651302,-15.51249819536312,120.68029582447379,120.46626562894836
2022-06-11,119.54279561701063,132.26452905811624,-15.825454506690376,119.86658887110103,120.46619648315203
2022-06-12,119.56768597595355,132.46492985971943,-16.12837502082328,120.07709724721278,120.35229112705336
2022-06-13,117.1005343141406,132.66533066132266,-16.4210676390866,119.47892891703974,119.90462534198248
2022-06-14,121.0769197006482,132.86573146292585,-16.70334674888033,119.15808286465922,119.98216368523927
2022-06-15,123.63204821260308,133.06613226452907,-16.975033341386936,119.50971727189743,119.83125274739214
2022-06-16,114.28607012402645,133.26653306613227,-17.23595512509077,118.75427156325297,119.85755065837482
2022-06-17,116.30113744761714,133.46693386773546,-17.485946635037656,118.78674162742854,119.73921473855304
2022-06-18,113.69397025165935,133.6673346693387,-17.724849337765367,117.95119514666405,119.46884225703965
2022-06-19,115.53695700501287,133.86773547094188,-17.952511731838495,117.37537672224396,119.25350782611594
2022-06-20,124.9114231834149,134.06813627254508,-18.1687894439239,118.49121798928313,119.483824363073
2022-06-21,117.29207806636981,134.2685370741483,-18.373545320345826,117.95052632724337,119.11966156481789
2022-06-22,115.38942563705068,134.46893787575152,-18.56664951406263,116.77300881645017,118.94089234697516
2022-06-23,108.1959323979613,134.66933867735472,-18.747979567010024,115.90298914129801,118.45364120479631
2022-06-24,120.84528140937813,134.8697394789579,-18.917420487758484,116.55215256440671,118.39693521237277
2022-06-25,112.5551214126615,135.07014028056113,-19.07486482443568,116.38945987312131,118.04069261098039
2022-06-26,109.3019589974477,135.27054108216433,-19.22021273286769,115.49874587204057,117.41657961039961
2022-06-27,113.41672682205628,135.47094188376752,-19.353372039895692,113.8566463918465,117.66921300713501
2022-06-28,123.37131916436162,135.67134268537075,-19.474258301828083,114.7251094058453,117.51075898482488
2022-06-29,111.44414605300055,135.87174348697394,-19.582794857990894,114.1614980366953,117.52625599552985
2022-06-30,116.38240026605042,136.07214428857716,-19.67891287934257,115.33099344642231,117.59028850695636
2022-07-01,120.5039221327928,136.27254509018036,-19.762551412122285,115.28222783548155,117.91663318451216
2022-07-02,112.12072938235933,136.47294589178358,-19.83365741650409,115.22017183115268,117.60342139171419
2022-07-03,114.26717729211973,136.67334669338678,-19.892185800232397,115.92948873039153,117.51659438790043
2022-07-04,111.90225155720923,136.87374749498997,-19.938099447217503,115.71313512112768,117.07204463012006
2022-07-05,121.0957103123902,137.0741482965932,-19.971369241072928,115.3880481422746,117.17209739576073
2022-07-06,123.86753577387985,137.2745490981964,-19.99197408357975,117.16281810240022,117.25809150071164
2022-07-07,121.32407731722965,137.47494989979958,-19.99990090806612,117.8687719668544,117.19146600904223
2022-07-08,109.75675042485155,137.6753507014028,-19.99514468769362,116.3334617228628,116.81100411113944
2022-07-09,120.91523918051212,137.87575150300603,-19.97770843864501,117.58982026545605,116.85570574767192
2022-07-10,113.51821102751097,138.07615230460922,-19.94760321821151,117.48282508479767,116.77051788197602
2022-07-11,118.81478429155352,138.27655310621242,-19.904848117780777,118.47032976113255,116.74625083779411
2022-07-12,110.6106556389784,138.47695390781564,-19.849470250729983,116.97246480778801,116.44768315989494
2022-07-13,111.324207784102,138.67735470941884,-19.781504735231717,115.1805608092483,116.25513894222698
2022-07-14,125.4419685517966,138.87775551102203,-19.700994671983633,115.76883098561504,116.40064057059858
2022-07-15,121.86811010521805,139.07815631262525,-19.607991116875873,117.49902522566738,116.34184263368576
2022-07-16,115.54692974365432,139.27855711422845,-19.502553048613727,116.73212387754484,116.38387128767336
2022-07-17,122.81411672905948,139.47895791583167,-19.38474733131596,118.06011040633749,116.60097059705477
2022-07-18,124.67512397055093,139.67935871743487,-19.254648672112577,118.8973017890514,116.96700905435114
2022-07-19,119.10828909031004,139.8797595190381,-19.112339573768867,120.11124942495591,117.0860534571944
2022-07-20,128.65185318692932,140.08016032064128,-18.957910282365894,122.58662733964555,117.21073445731153
2022-07-21,119.00613066936891,140.28056112224448,-18.791458730070374,121.66722192787014,117.26786954407817
2022-07-22,118.78085486439178,140.4809619238477,-18.613090473030525,121.22618546489498,117.38091718498956
2022-07-23,126.80564320611032,140.6813627254509,-18.42291862443706,122.83457310238869,118.00124087859452
2022-07-24,114.81113664064084,140.88176352705412,-18.221063782791816,121.69129023261459,117.8001027196366
2022-07-25,128.20847676059373,141.0821643286573,-18.007653955429607,122.19605491690642,118.32188123123434
2022-07-26,117.75409739406362,141.28256513026054,-17.78282447734163,122.00259896029979,118.6036191777882
2022-07-27,121.50985214149817,141.48296593186373,-17.54671792535213,120.98231309666676,118.87339002176961
2022-07-28,124.33402757177545,141.68336673346693,-17.299484027702455,121.74344122558198,118.90548030201673
2022-07-29,127.92133297305125,141.88376753507015,-17.041279569100134,123.04922381253334,119.45471986601842
2022-07-30,130.0360192246736,142.08416833667334,-16.77226829129301,123.51070610089953,119.90984049797252
2022-07-31,124.2594809061726,142.28456913827654,-16.49262078923151,124.86046956740405,120.03502579041852
2022-08-01,126.28196329095675,142.48496993987976,-16.202514402884944,124.58525335745593,120.50706692070509
2022-08-02,129.9828254589225,142.68537074148298,-15.902133104780408,126.3322145095786,121.03092185959852
2022-08-03,129.9849557718324,142.88577154308618,-15.591667383335645,127.54294359962637,121.63367866675263
2022-08-04,115.88960712379122,143.08617234468937,-15.271314122059733,126.33659782134289,121.46014189379933
2022-08-05,125.88248606404304,143.2865731462926,-14.941276474698384,126.04533397719887,121.52730690347144
2022-08-06,137.99354363888415,143.4869739478958,-14.601763736402917,127.18212317922894,122.08295578085992
2022-08-07,122.28965869206372,143.68737474949899,-14.252991211004566,126.90072000578483,122.500719389767
2022-08-08,134.25804567949027,143.8877755511022,-13.895180074478425,128.0401603470039,122.9454796063996
2022-08-09,122.11401931085543,144.0881763527054,-13.528557234683502,126.9160451829943,123.23200654917774
2022-08-10,138.84291171642317,144.28857715430863,-13.153355187467909,128.18146746079302,123.8996107966734
2022-08-11,135.03229308390962,144.48897795591182,-12.769811869230313,130.91613688366706,124.7136653781711
2022-08-12,133.55544807700213,144.68937875751504,-12.378170506031319,132.01227431408978,125.45470672126777
2022-08-13,135.7463807237634,144.88977955911824,-11.978679459350378,131.6912510405011,125.79818712700002
2022-08-14,142.18080911945955,145.09018036072143,-11.57159206858597,134.5328439587005,126.47527709414138
2022-08-15,129.75545019333362,145.29058116232466,-11.157166490399074,133.88961603210672,126.94889444246402
2022-08-16,134.02372970492038,145.49098196392785,-10.735665535001743,135.59100323125884,127.32254820832607
2022-08-17,126.95577931202064,145.69138276553107,-10.30735649949462,133.89284145920132,127.39857005304172
2022-08-18,133.86681876136154,145.89178356713427,-9.872510998358973,133.72634512740876,127.89052104207676
2022-08-19,140.50973315057462,146.0921843687375,-9.431404791210937,134.71981442363338,128.2857837075316
2022-08-20,137.65234113937882,146.2925851703407,-8.984317607927139,134.99209448300704,128.90732405653196
2022-08-21,134.06065317114718,146.49298597194388,-8.53153297125237,133.83207220467668,129.4166506667571
2022-08-22,135.29218266209907,146.6933867735471,-8.073338017002191,134.62303398592888,129.69953531529006
2022-08-23,140.59641169483066,146.8937875751503,-7.610023311974171,135.5619885559161,130.55904448376307
2022-08-24,137.2079047631192,147.0941883767535,-7.1418826696834525,137.02657790607302,130.8590254171806
2022-08-25,139.93427073119645,147.29458917835672,-6.669212964039231,137.89335675890658,131.59836452841836
2022-08-26,136.65474912105526,147.4949899799599,-6.1923139410806165,137.34264475468953,132.10319442773692
2022-08-27,142.47159872942888,147.69539078156313,-5.711488028891117,138.03111012469668,132.70778013299204
2022-08-28,143.6308008968478,147.89579158316633,-5.227040145812146,139.39827408551105,133.23142906378524
2022-08-29,142.14886464243946,148.09619238476955,-4.739277507077474,140.37780008270252,133.6351905777108
2022-08-30,135.59574117048433,148.29659318637275,-4.248509429991004,139.66341857922447,134.0130659198545
2022-08-31,145.14624091943145,148.49699398797594,-3.755047137771605,140.7974666015548,134.641875174137
2022-09-01,139.78986574733855,148.69739478957916,-3.2592035621891307,140.77683731814653,134.9687765170842
2022-09-02,148.69941900861554,148.89779559118236,-2.7612931451171003,142.49750444494086,135.5925919583103
2022-09-03,138.92678952270597,149.09819639278558,-2.2616316391277467,141.99110312969472,136.36049803827413
2022-09-04,142.01521376025053,149.29859719438878,-1.760535907255717,141.7603049673237,136.8982556281477
2022-09-05,149.75340646237083,149.498997995992,-1.2583237220577423,142.84666808445675,137.29025105559728
2022-09-06,144.3007545959526,149.6993987975952,-0.7553135640954243,144.0902414309522,138.02395425239357
2022-09-07,156.3741995690371,149.8997995991984,-0.2518244199691439,145.694235523753,138.76115938204512
2022-09-08,151.18234795333674,150.1002004008016,0.2518244199691163,147.32173298175277,139.73010367012782
2022-09-09,150.86458450970042,150.3006012024048,0.7553135640954145,147.6310423390506,140.13082609657042
2022-09-10,154.58579414406748,150.501002004008,1.2583237220577146,149.8680429992451,140.78260946524233
2022-09-11,149.18587554501931,150.70140280561122,1.7605359072556894,150.89242325421205,141.30362371417627
2022-09-12,151.5700043128987,150.90180360721445,2.261631639127719,151.15193723285893,141.83107783381408
2022-09-13,151.95406812691078,151.10220440881764,2.76129314511709,152.2452677372815,142.15685313406246
2022-09-14,153.42279547514102,151.30260521042084,3.2592035621891036,151.82363858101067,142.94576464345604
2022-09-15,159.26366690459412,151.50300601202406,3.7550471377715784,152.97811271690452,143.78709588344518
2022-09-16,161.77034933325743,151.70340681362725,4.248509429990994,154.53607912026982,144.94758155081973
2022-09-17,158.33740644643368,151.90380761523045,4.739277507077447,155.07202373489358,145.7632678069888
2022-09-18,156.4065298197953,152.10420841683367,5.227040145812119,156.10354577414728,146.29316102929616
2022-09-19,152.0084815866754,152.30460921843687,5.7114880288910905,156.1661853846868,146.77169904420606
2022-09-20,162.94541129549484,152.5050100200401,6.192313941080606,157.7363772659131,147.73452431501764
2022-09-21,166.07354067850613,152.70541082164328,6.669212964039205,159.54362658067956,148.7605695822312
2022-09-22,162.80057340632257,152.9058116232465,7.141882669683427,160.04889893806936,149.5007083059476
2022-09-23,159.4657976221879,153.1062124248497,7.610023311974162,159.7196772650594,150.24263806791657
2022-09-24,162.6161332787304,153.3066132264529,8.073338017002166,160.3309239553875,150.99870015283437
2022-09-25,156.9276632348366,153.50701402805612,8.531532971252345,160.4053715861077,151.67446395662708
2022-09-26,165.29379684400044,153.7074148296593,8.984317607927114,162.30327376572555,152.43520389377946
2022-09-27,159.2406729956972,153.90781563126254,9.431404791210928,161.77402543718304,152.9555329637411
2022-09-28,162.26918854447138,154.10821643286573,9.872510998358948,161.23054656089235,153.62621042714215
2022-09-29,159.75367219691043,154.30861723446895,10.307356499494597,160.79527495954775,154.4314747946897
2022-09-30,163.07127998273108,154.50901803607215,10.735665535001734,161.31034386819678,155.02897609679968
2022-10-01,157.7048259855258,154.70941883767534,11.157166490399053,160.60872854059613,155.62614143807258
2022-10-02,164.7674555342324,154.90981963927857,11.571592068585947,161.72869886908123,156.16174265559314
2022-10-03,167.95508525628787,155.11022044088176,11.978679459350356,162.10888292797947,157.12935251337922
2022-10-04,161.56847090937987,155.31062124248496,12.37817050603131,162.44142548707697,157.78112775168353
2022-10-05,176.05036832082138,155.51102204408818,12.769811869230294,164.410165455127,158.65769314696522
2022-10-06,166.89378980005134,155.7114228456914,13.153355187467888,165.43018225557566,159.41079432043517
2022-10-07,158.2773930970872,155.9118236472946,13.528557234683493,164.74534127191228,159.4742341047035
2022-10-08,177.12499052905864,156.1122244488978,13.895180074478407,167.51965049241696,160.33898885722755
2022-10-09,175.1467322919668,156.31262525050101,14.252991211004547,169.00240431495044,161.1483937833031
2022-10-10,168.30528834458846,156.5130260521042,14.601763736402898,169.0524333275648,161.60571025665382
2022-10-11,165.0851308138039,156.7134268537074,14.941276474698377,169.55481331391113,162.13568543227996
2022-10-12,179.24218371041295,156.91382765531063,15.271314122059716,170.0107869409956,163.05809141219711
2022-10-13,176.23480505697486,157.11422845691382,15.591667383335627,171.3452176919847,163.86744930986592
2022-10-14,176.67503332653337,157.31462925851704,15.902133104780402,173.97345201047696,164.6425239049123
2022-10-15,166.0276204034582,157.51503006012024,16.20251440288493,172.38811342110552,164.86798902154112
2022-10-16,171.0330475617785,157.71543086172346,16.492620789231495,171.80044417393574,165.1767456291585
2022-10-17,175.33941027992282,157.91583166332666,16.772268291292995,172.80531873612637,165.7434790902748
2022-10-18,174.8817174615256,158.11623246492985,17.041279569100126,174.20483111437233,166.35931867833247
2022-10-19,178.29149592375543,158.31663326653307,17.299484027702444,174.0690185734213,167.2354191562351
2022-10-20,172.46882031343935,158.51703406813627,17.546717925352116,173.5310207529162,167.55286612349994
2022-10-21,170.39908165810112,158.71743486973946,17.782824477341627,172.63445622885442,167.6970508228198
2022-10-22,178.51332368453527,158.9178356713427,18.007653955429593,174.41812812615117,168.22080916542689
2022-10-23,171.83353565805146,159.1182364729459,18.221063782791806,174.5324835684759,168.63306709995564
2022-10-24,177.31619935301063,159.3186372745491,18.42291862443705,174.8148820074884,169.12306930243167
2022-10-25,185.10607877036304,159.5190380761523,18.61309047303052,176.27550505160804,170.06234982028255
2022-10-26,179.01218332250838,159.71943887775552,18.791458730070364,176.37846039428703,170.51962936956616
2022-10-27,183.0162926684202,159.91983967935872,18.957910282365884,177.88524215928433,171.3121500253236
2022-10-28,175.77740549256785,160.1202404809619,19.112339573768867,178.65357413563672,171.76242392359347
2022-10-29,181.52645384950725,160.32064128256513,19.25464867211257,179.08402130206125,172.48818331201338
2022-10-30,182.8630176826892,160.52104208416833,19.384747331315953,180.6596615912952,173.14790790201198
2022-10-31,180.95939871703493,160.72144288577155,19.50255304861372,181.1801186432987,173.9230603263956
2022-11-01,175.09929034898065,160.92184368737475,19.60799111687587,179.75057744024406,174.26745482022054
2022-11-02,186.8093734543903,161.12224448897797,19.70099467198363,180.86446174479866,174.89593109349062
2022-11-03,175.64481924242722,161.32264529058116,19.781504735231714,179.81139411251394,175.3651427045922
2022-11-04,178.759401875095,161.52304609218436,19.84947025072998,180.23739359573207,175.455443823068
2022-11-05,183.7024543593221,161.72344689378758,19.904848117780777,180.5482508114199,176.01573264171034
2022-11-06,173.83089577576854,161.92384769539078,19.94760321821151,179.2579476818598,176.53418273099976
2022-11-07,183.9413043379521,162.124248496994,19.977708438645006,179.6839341991337,176.76139319129618
2022-11-08,180.7446239053227,162.3246492985972,19.99514468769362,180.4904104214683,176.94798957840803
2022-11-09,183.6290383131486,162.52505010020042,19.99990090806612,180.03607682986234,177.45878124402674
2022-11-10,185.88801855761656,162.7254509018036,19.99197408357975,181.49939101774652,178.15221083548712
2022-11-11,186.31702865525347,162.9258517034068,19.97136924107293,182.57905198634057,178.38803900031516
2022-11-12,188.34915114987896,163.12625250501003,19.938099447217507,183.242865813563,178.7918505367453
2022-11-13,189.5790985732001,163.32665330661322,19.892185800232397,185.49260907033891,179.22198604496754
2022-11-14,182.29169194429323,163.52705410821642,19.83365741650409,185.2569501569591,179.76412176299536
2022-11-15,185.95295722370878,163.72745490981964,19.76255141212229,186.0009977738714,180.26145208505972
2022-11-16,178.8320161183238,163.92785571142286,19.678912879342572,185.3157088888964,180.37787227967308
2022-11-17,187.14044241978215,164.12825651302606,19.582794857990894,185.49462658349148,180.78649644494826
2022-11-18,184.0374120847538,164.32865731462925,19.47425830182809,185.16896707342013,180.97802698364822
2022-11-19,181.5523856852012,164.52905811623248,19.353372039895696,184.19800057846618,181.28081249604028
2022-11-20,189.76222749746606,164.72945891783567,19.220212732867694,184.2241618533613,181.92625069068578
2022-11-21,187.24868724645418,164.92985971943887,19.07486482443569,184.9323040393843,182.21742947608308
2022-11-22,191.491441683211,165.1302605210421,18.917420487758484,185.72351610502747,182.8726930102551
2022-11-23,183.85837697693407,165.3306613226453,18.747979567010038,186.44156765625752,183.09076559771918
2022-11-24,178.93686232276548,165.53106212424848,18.56664951406264,185.26962764239798,182.88512504946593
2022-11-25,181.69762868453284,165.7314629258517,18.37354532034583,184.9353728709378,182.97463989486675
2022-11-26,185.77849083982483,165.93186372745492,18.16878944392392,185.5391021787412,183.0667131672469
2022-11-27,178.1617314299634,166.13226452905812,17.95251173183851,183.88188845481224,183.1461906984934
2022-11-28,184.63173457263136,166.3326653306613,17.72484933776537,183.50803807283754,183.24970005593087
2022-11-29,176.53601216773072,166.53306613226454,17.48594663503767,181.37154814205468,183.03879987209893
2022-11-30,182.18094316510442,166.73346693386773,17.235955125090783,181.13191474036472,183.07951802036794
2022-12-01,180.95128472945925,166.93386773547093,16.97503334138694,181.4196893698924,183.2745844997172
2022-12-02,180.08079513385684,167.13426853707415,16.70334674888035,181.18871314836724,183.05029855569944
2022-12-03,185.60032210676786,167.33466933867737,16.421067639086615,181.16326047221628,183.38214865117743
2022-12-04,182.85742400594899,167.53507014028057,16.128375020823288,181.83407369735707,183.51874938887258
2022-12-05,186.89559024932683,167.73547094188376,15.825454506690393,182.15748165117068,183.62518725187275
2022-12-06,177.5229868418506,167.93587174348698,15.512498195363126,182.29847803318782,183.74825695407546
2022-12-07,179.76576846039666,168.13627254509018,15.189704549771609,181.9534530753724,183.60907242482364
2022-12-08,176.8490177820611,168.33667334669337,14.857278271244365,181.36741494002985,183.4792188873816
2022-12-09,181.55981547011558,168.5370741482966,14.515430169696039,181.57870355949535,183.4102447926138
2022-12-10,180.80263013241935,168.73747494989982,14.164377029941082,180.89331899173132,183.24073184510723
2022-12-11,185.60299576227433,168.93787575150301,13.804341474218413,181.28554352834922,183.2169307486746
2022-12-12,180.884420122579,169.1382765531062,13.435551821014485,180.4268049388138,182.96810638109793
2022-12-13,184.8143854488432,169.33867735470943,13.058241940273806,181.46843331124134,182.80928261028603
2022-12-14,184.18978210857713,169.53907815631263,12.672651105088988,182.10043526098138,182.8725522824288
2022-12-15,189.2892809954969,169.73947895791582,12.279023839964564,183.87761572004365,182.98376307482175
2022-12-16,178.15878071236247,169.93987975951904,11.877609765750396,183.39175361179323,182.96132189462304
2022-12-17,177.4350288615347,170.14028056112227,11.468663441343178,182.91066771595254,182.63780810934813
2022-12-18,184.51310528303648,170.34068136272543,11.052444202256705,182.75496907606143,182.6536645492909
2022-12-19,177.73293058655543,170.54108216432866,10.629215996162786,182.3047562852009,182.52634937933604
2022-12-20,178.18221477206924,170.74148296593188,10.199247215507308,181.35730333137604,182.14034895515613
2022-12-21,178.91624502291728,170.94188376753507,9.762810527307936,180.6039408905675,181.86260088103825
2022-12-22,185.6847169328684,171.14228456913827,9.32018270024061,180.08900316733485,181.66904338936016
2022-12-23,186.48615883353864,171.3426853707415,8.871644429125414,181.27862861321714,181.75663611791367
2022-12-24,171.70122607940502,171.5430861723447,8.417480156922355,180.4595139300558,181.51544824313495
2022-12-25,175.09769555768764,171.74348697394788,7.957977894350229,179.1144553978631,181.29545047224013
2022-12-26,171.3755834269548,171.9438877755511,7.493429037243261,178.20626294649156,180.81535355847782
2022-12-27,173.67909476820702,172.14428857715433,7.024128181760785,177.56296008879696,180.66593233641925
2022-12-28,180.17851213346785,172.34468937875752,6.550372937567387,177.74328396173274,180.51749158844714
2022-12-29,176.38833383838505,172.54509018036072,6.072463739102345,176.41522923394945,180.51256897746893
2022-12-30,182.1832510567114,172.74549098196394,5.590703655057406,175.80052812297413,180.51264590718918
2022-12-31,179.15834573012677,172.94589178356713,5.1053981961840424,176.86583093022006,180.4528812738781
2023-01-01,162.60012760993243,173.14629258517033,4.6168551215523665,175.08046408054074,179.87019235641395
2023-01-02,172.92115141264975,173.34669338677355,4.125384243383961,175.3012595070686,179.4475533332767
2023-01-03,174.98302405143122,173.54709418837678,3.6312972305826823,175.4875351189578,179.18507333479275
2023-01-04,178.77663221542724,173.74749498997994,3.134907411088391,175.28726655923768,178.91444140032942
2023-01-05,180.61491832384704,173.94789579158316,2.6365295731780725,175.89106434287513,179.01750578306263
2023-01-06,177.1753843499356,174.1482965931864,2.136479765841401,175.1756548133357,178.9311596460473
2023-01-07,176.9775768565807,174.34869739478958,1.6350750983564675,174.86411640282913,178.93544494853126
2023-01-08,175.7224040770096,174.54909819639278,1.1326335391931144,176.73872732669727,178.74086456876105
2023-01-09,182.8401735561079,174.749498997996,0.6294737143717316,178.15573049004848,178.80878268288402
2023-01-10,179.5019975385302,174.9498997995992,0.12591470540474514,178.8012981310626,178.60541607542584
2023-01-11,174.51916247898592,175.1503006012024,-0.37772415305075085,178.19308816871384,178.39324082063942
2023-01-12,175.07954657391605,175.3507014028056,-0.8811234757005725,177.40232077586657,178.0687461914752
2023-01-13,175.24934600093928,175.55110220440883,-1.3839640291534567,177.12717244029568,177.77073165455394
2023-01-14,171.91584063366435,175.75150300601203,-1.8859269343647422,176.4040672655933,177.19161697582618
2023-01-15,171.27174584060847,175.95190380761522,-2.3866938688550197,175.76825894610747,176.9620491467677
2023-01-16,171.5462321895924,176.15230460921845,-2.8859472685761527,174.15483875089095,176.76575592436967
2023-01-17,167.03243525357146,176.35270541082164,-3.3833705292963363,172.37347271018257,176.18306692338746
2023-01-18,167.0249761748424,176.55310621242484,-3.8786482073761244,171.3028746667335,175.82613510966368
2023-01-19,176.51375548420356,176.75350701402806,-4.371466219808999,171.5077616539174,175.7705198000682
2023-01-20,178.41653462447232,176.95390781563128,-4.861512043398552,171.960217171565,175.75386278678667
2023-01-21,174.19181165620392,177.15430861723448,-5.348474912946857,172.28535588907062,175.37076594423118
2023-01-22,174.338932921183,177.35470941883767,-5.832046018327999,172.72352547200987,174.96585841381932
2023-01-23,170.69068357779003,177.5551102204409,-6.3119187003214705,172.6013042417524,174.9321736637655
2023-01-24,167.4239633940395,177.7555110220441,-6.787788645081873,172.65723683324782,174.6763825916439
2023-01-25,168.77582753388154,177.95591182364728,-7.259354077121278,172.90735845596768,174.5897240618748
2023-01-26,174.41687358420273,178.1563126252505,-7.726315950681578,172.6078038988247,174.61431668907466
2023-01-27,165.86656201365534,178.35671342685373,-8.188378139376066,170.814950668708,174.1372516850809
2023-01-28,169.8406649671222,178.5571142284569,-8.645247623979675,170.19335828455345,173.91899605603882
2023-01-29,186.08662190830037,178.75751503006012,-9.096634678248503,171.8715995684274,174.04910841775842
2023-01-30,172.10899932647547,178.95791583166334,-9.542253052651365,172.0742161039539,173.81413020430338
2023-01-31,174.25637132615105,179.15831663326654,-9.981820155896575,173.0502743799698,174.20267166151066
2023-02-01,164.15478765171193,179.35871743486973,-10.415057234138512,172.39012582537413,173.91045953614608
2023-02-02,180.28953298488202,179.55911823647295,-10.841689547751116,173.22907716832833,174.0873431672611
2023-02-03,168.87103274836997,179.75951903807615,-11.261446545555298,173.65828727328758,173.75715651835924
2023-02-04,164.92987778752334,179.95991983967934,-11.67406203639051,172.9567462476306,173.23432183381507
2023-02-05,168.8458655390814,180.16032064128257,-12.07927435792139,170.49378105202786,172.9566712067866
2023-02-06,176.4582995344907,180.3607214428858,-12.476826542572173,171.11510965317294,172.93936196271696
2023-02-07,170.25628051313836,180.56112224448898,-12.866466480484144,170.5436681084568,172.75715784392122
2023-02-08,164.01250391657496,180.76152304609218,-13.24794707939255,170.5233418605801,172.1295688559368
2023-02-09,171.15906269335005,180.9619238476954,-13.621026421321318,169.21898896178982,171.85147102776415
2023-02-10,170.01393140061396,181.1623246492986,-13.985467915996736,169.38226019782468,171.7012966584851
2023-02-11,169.45983123931887,181.3627254509018,-14.341040450882511,170.02939640522405,171.5139728139985
2023-02-12,177.27857288769368,181.56312625250501,-14.687518537740893,171.23406888359725,171.58161371022365
2023-02-13,170.9720338964022,181.76352705410824,-15.024682455627312,170.4503166495846,171.55015348564822
2023-02-14,170.0719552522388,181.96392785571143,-15.352318390227689,170.4239844694561,171.51016046603593
2023-02-15,164.55516580664647,182.16432865731463,-15.67021856944975,170.50150759660914,171.2771249199377
2023-02-16,172.90314511096096,182.36472945891785,-15.978181395183022,170.7506622276964,171.47281524851738
2023-02-17,169.05810883791122,182.56513026052104,-16.27601157114318,170.6141161473103,171.54058633728633
2023-02-18,173.05492232344128,182.76553106212424,-16.563520226720332,171.12770058789923,171.42529189859425
2023-02-19,173.23312174097796,182.96593186372746,-16.840525036752364,170.54977899551128,171.25251146914445
2023-02-20,168.3967189292617,183.16633266533066,-17.10685033714733,170.18187685734833,171.05934171157972
2023-02-21,166.12994783557593,183.36673346693385,-17.362327236281814,169.61873294068224,170.7857088753928
2023-02-22,175.2278459947931,183.56713426853707,-17.606793722104555,171.14340153898888,170.93694762262623
2023-02-23,169.77196161898019,183.7675350701403,-17.840094764877104,170.69608961156305,171.01521423012426
2023-02-24,163.46669844027255,183.9679358717435,-18.062082415486863,169.89731669761468,170.83824326033726
2023-02-25,163.77024194235582,184.1683366733467,-18.27261589926985,168.57093378603102,170.4833555389424
2023-02-26,167.10544932581834,184.3687374749499,-18.471561705283595,167.69555201243682,170.52465178268116
2023-02-27,167.46754959246653,184.5691382765531,-18.65879367097389,167.56281353575176,170.4455479368593
2023-02-28,157.20682462433467,184.7695390781563,-18.834193062181495,166.28808164843161,169.4828880273938
2023-03-01,168.42716793182922,184.96993987975952,-18.99764864843793,165.31655621086534,169.3601603142389
2023-03-02,166.96967918260202,185.17034068136275,-19.149056773503006,164.91623014852559,169.1172705761206
2023-03-03,166.80690417601224,185.37074148296594,-19.28832142109887,165.3934023964884,169.20567446026396
2023-03-04,173.17101226728067,185.57114228456913,-19.415354275799316,166.73636958576338,168.9683904363439
2023-03-05,168.28549434169602,185.77154308617236,-19.53007477903549,166.90494744517449,168.94887248945477
2023-03-06,162.2875639855789,185.97194388777555,-19.632410180182493,166.1649495013334,168.8607953627233
2023-03-07,164.06797458779496,186.17234468937875,-19.722295582694617,167.14511378182775,168.70153233101377
2023-03-08,164.3184723820901,186.37274549098197,-19.799673985259837,166.55815727472213,168.29687142593372
2023-03-09,166.5207843337825,186.5731462925852,-19.864496317947488,166.4940294391765,168.1723548866219
2023-03-10,157.9696263365147,186.77354709418836,-19.916721473326227,165.23156117639112,167.9709256339532
2023-03-11,171.12164163148142,186.97394789579158,-19.956316332532555,164.93879394270553,167.96967826522422
2023-03-12,164.87550360705015,187.1743486973948,-19.98325578627328,164.45165240918467,167.7983973387721
2023-03-13,163.3975885045299,187.374749498998,-19.997522750748747,164.61022734046338,167.5963225809458
2023-03-14,170.69727894700807,187.5751503006012,-19.99910817848661,165.557270820351,167.3769461162563
2023-03-15,168.28803831094484,187.77555110220442,-19.988011064079327,166.12435166733025,167.28747959674104
2023-03-16,166.2263925666217,187.9759519038076,-19.964238444821763,166.08229570059297,167.15929417388713
2023-03-17,163.7622067922027,188.1763527054108,-19.927805396248427,166.90980719426267,167.13286220673902
2023-03-18,168.84588840764823,188.37675350701403,-19.87873502257327,166.58469959085795,166.99762031662857
2023-03-19,172.91925831162433,188.57715430861725,-19.81705844203799,167.7338074057971,167.1263252990857
2023-03-20,168.96352519769718,188.77755511022045,-19.74281476717826,168.5289412191067,166.98994539489422
2023-03-21,165.81626324676125,188.97795591182364,-19.65605108002029,167.8316532619286,166.74271677842032
2023-03-22,176.80689337538547,189.17835671342687,-19.55682240222351,169.04863255684873,167.02305592662444
2023-03-23,171.15804556237006,189.37875751503006,-19.445191660188275,169.75315441338418,167.19065918418426
2023-03-24,164.29590787650662,189.57915831663325,-19.321229645150787,169.82939742542757,166.82626124690805
2023-03-25,170.9216283157109,189.77955911823648,-19.18501496829039,170.12593169800797,166.86458347013243
2023-03-26,176.69540087656762,189.9799599198397,-19.036634010877926,170.66538063585702,167.3055402180089
2023-03-27,174.83602476648528,190.1803607214429,-18.876180869496572,171.5043091456839,167.6743996454799
2023-03-28,171.62068734822336,190.3807615230461,-18.703757296369947,172.33351258874993,167.82490757956006
2023-03-29,178.83242039082262,190.5811623246493,-18.519472634835456,172.62287359095518,168.20373660617193
2023-03-30,179.69297192369316,190.7815631262525,-18.32344375000354,173.84214878542994,168.95327484948388
2023-03-31,173.7907471061298,190.9819639278557,-18.115794954647143,175.19855438966184,169.13206082196058
2023-04-01,170.76818989737006,191.18236472945893,-17.896657930368022,175.1766346156131,169.25867784578617
2023-04-02,177.34206973508554,191.38276553106215,-17.666171644090124,175.26901588111568,169.6098500310886
2023-04-03,174.4878405783564,191.58316633266531,-17.424482259933068,175.21927528281157,169.65374430812446
2023-04-04,171.87223863392148,191.78356713426854,-17.171743046521314,175.25521118076844,169.77330245119865
2023-04-05,180.51249267034135,191.98396793587176,-16.90811427978799,175.495221506414,170.38080007402405
2023-04-06,167.7551583155566,192.18436873747495,-16.633763141335166,173.78981956239446,170.50370619828274
2023-04-07,172.37286630438513,192.38476953907815,-16.348863612414664,173.58726516214523,170.77218599569264
2023-04-08,178.08201268207617,192.58517034068137,-16.053596363596878,174.63209698853183,171.15756027396907
2023-04-09,173.40958458315447,192.78557114228457,-15.748148640197659,174.0703133953988,171.67222554885709
2023-04-10,177.4832288574917,192.98597194388776,-15.432714143535636,174.49822600670385,171.88427845639075
2023-04-11,175.27888172107708,193.18637274549098,-15.107492908095413,174.98488930486897,172.2310577268583
2023-04-12,177.18912594980273,193.3867735470942,-14.772691174674787,174.51012263050626,172.69077564170075
2023-04-13,184.45365934039378,193.5871743486974,-14.428521259595836,176.89562277691155,173.1493216548136
2023-04-14,175.1048181367313,193.7875751503006,-14.075201420063568,177.28590161010388,173.37654764900648
2023-04-15,173.6343190649343,193.98797595190382,-13.712955715756847,176.65051680765507,173.62347853228357
2023-04-16,177.5183823130349,194.18837675350701,-13.342013866739677,177.23748791192367,174.0820177163113
2023-04-17,190.1737095941351,194.3887775551102,-12.962611107783129,179.05041373144417,174.7929450891942
2023-04-18,181.77807212823987,194.58917835671343,-12.574988039189881,179.978869503896,175.08823888308137
2023-04-19,180.244788854331,194.78957915831666,-12.179390474216149,180.41539277597144,175.46428100496917
2023-04-20,178.97029172564135,194.98997995991982,-11.776069283188056,179.63205454529253,175.90274862093185
2023-04-21,183.6229119971765,195.19038076152304,-11.36528023441077,180.8489250967847,176.1299492416582
2023-04-22,186.49056675570807,195.39078156312627,-10.94728383197159,182.6855319097524,176.64103328143617
2023-04-23,186.5253085867256,195.59118236472946,-10.522345150540033,183.9722356631368,177.3820133051101
2023-04-24,190.9619670473756,195.79158316633266,-10.090733667269218,184.08484387074256,178.0500245961656
2023-04-25,185.961581750463,195.99198396793588,-9.652723090905402,184.68248810248875,178.3588972919621
2023-04-26,188.93838840069373,196.19238476953907,-9.208591188214303,185.92443089482626,178.82897607976903
2023-04-27,188.66814098449876,196.39278557114227,-8.758619607833566,187.3098379318059,179.39722453431156
2023-04-28,186.29727131290252,196.5931863727455,-8.303093701663984,187.6918892626239,179.6460528983809
2023-04-29,185.74980129520574,196.79358717434872,-7.842302343911967,187.58606562540925,179.84794721076466
2023-04-30,187.0787260462418,196.9939879759519,-7.37653774789829,187.66512526248303,180.2908798421017
2023-05-01,194.06662181963176,197.1943887775551,-6.9060952807496605,188.10864737280534,181.06749423951044
2023-05-02,188.5600535524822,197.39478957915833,-6.43127327608995,188.47985763023664,181.44142703342368
2023-05-03,193.40299074500297,197.59519038076152,-5.952372844850233,189.11765796513797,182.07193203897853
2023-05-04,186.78174215610838,197.79559118236472,-5.469697684317855,188.84817241822506,182.5689154897181
2023-05-05,194.97842054040206,197.99599198396794,-4.9835538855450725,190.0883365935821,183.05111308538682
2023-05-06,196.760736945094,198.19639278557116,-4.494249739239659,191.66132740070904,184.01796570637137
2023-05-07,193.7136630772931,198.39679358717436,-4.002095540260895,192.60917554800207,184.72932559880164
2023-05-08,197.74515267992197,198.59719438877755,-3.5074033908443147,193.13467995661495,185.38476359872985
2023-05-09,193.872270055523,198.79759519038078,-3.0104870026802812,193.89356802847792,186.06685311447546
2023-05-10,189.58297087915452,198.99799599198397,-2.5116614979722773,193.3478509047853,186.47017784853088
2023-05-11,202.69059879213816,199.19839679358716,-2.011243209600183,195.62054470993237,187.38390175089958
2023-05-12,205.40527330749572,199.3987975951904,-1.509549480516321,197.11009510523152,188.324439996156
2023-05-13,204.70003658900637,199.5991983967936,-1.0068984625006099,198.24428076864754,188.99931923777643
2023-05-14,201.4230662855704,199.79959919839678,-0.503608914402793,199.34562408411574,189.87659417607108
2023-05-15,195.8770883117029,200.0,-9.797174393178826e-15,199.07875774579875,190.61801981763003
